"자치구","안심 주소","CCTV 용도","WGS x좌표","WGS y좌표","CCTV 수량","수정 일시"
"중구","남대문로25-13 빈스브로앞","고정식","37.561861","127.978257","2","2019-04-03"
"중구","서울특별시 중구 신당동 동호로8가길 45 ","회전식","37.5541849999999","127.014058","1","2019-04-03"
"중구","서울특별시 중구 신당동 다산로36가길 26 지산빌딩","회전식","37.5616849999999","127.020398","1","2018-12-11"
"중구","서울특별시 중구 흥인동 마장로 66 ","고정식","37.567439","127.017971","1","2018-12-11"
"중구","서울특별시 중구 황학동 난계로15길 16 ","","37.569127000000002","127.02225900000001","2","2018-12-11"
"중구","서울특별시 중구 장충동2가 서애로3길 40 ","고정식","37.558967","126.9983381","2","2018-12-11"
"중구","서울특별시 중구 신당동 다산로34길 43 ","회전식","37.5617639999999","127.017888","2","2018-12-11"
"중구","서울특별시 중구 황학동 다산로46길 35 ","고정식","37.5677","127.018120999999","3","2018-12-11"
"중구","서울특별시 중구 신당동 다산로36가길 26 ","고정식","37.5605853","127.0206778","1","2018-12-11"
"중구","서울특별시 중구 회현동1가 퇴계로8길 86 ","회전식","37.5553209999999","126.980929","1","2018-12-11"
"중구","서울특별시 중구 신당동 동호로 177 ","고정식","37.5539449999999","127.01066","2","2018-12-11"
"중구","서울특별시 중구 신당동 다산로 149 ","회전식","37.5579469999999","127.011649","1","2018-12-11"
"중구","서울특별시 중구 필동2가 필동로 42 ","회전식","37.557949","126.995473","1","2018-12-11"
"중구","서울특별시 중구 회현동1가 퇴계로12가길 23 회현어린이집","고정식","37.5567009999999","126.980211","2","2018-12-11"
"중구","서울특별시 중구 광희동2가 퇴계로 326 ","고정식","37.5639869999999","127.008982","2","2018-12-11"
"중구","서울특별시 중구 신당동 퇴계로88가길 48 ","회전식","37.562111766312498","127.023048698902","1","2018-12-11"
"중구","서울특별시 중구 신당동 다산로36가길 2 ","고정식","37.560648","127.01869","2","2018-12-11"
"중구","서울특별시 중구 신당동 퇴계로88가길 48 ","회전식","37.5621270999999","127.022104899998","1","2018-12-11"
"중구","서울특별시 중구 주교동 청계천로 194 ","회전식","37.568711","126.999045","1","2018-12-11"
"중구","서울특별시 중구 충무로5가 퇴계로 265 충무창업큐브","회전식","37.5621849999999","127.001161","1","2018-12-11"
"중구","서울특별시 중구 신당동 동호로17길 107 ","회전식","37.5544239999999","127.004994999999","1","2018-12-11"
"중구","서울특별시 중구 다동 남대문로9길 40 센터플레이스(Center Place)","고정식","37.5679319999999","126.980031","1","2018-12-11"
"중구","서울특별시 중구 신당동 왕십리로 397 ","고정식","37.56414","127.025857","2","2018-12-11"
"중구","서울특별시 중구 신당동 다산로38길 45 ","회전식","37.5623069999999","127.018133","1","2018-12-11"
"중구","서울특별시 중구 순화동 서소문로 81 혜명빌딩","회전식","37.562317","126.97044","1","2018-12-11"
"중구","서울특별시 중구 남산동2가 소파로 91 ","고정식","37.557512","126.985225","1","2018-12-11"
"중구","서울특별시 중구 신당동 동호로 218 ","고정식","37.557855","127.009496","1","2018-12-11"
"중구","서울특별시 마포구 아현동 환일길 67 청보파크빌","고정식","37.5526089999999","126.962871","1","2018-12-11"
"중구","서울특별시 중구 장충동2가 동호로 310 태광산업","회전식","37.562437069330699","127.00241178274101","1","2018-12-11"
"중구","서울특별시 중구 신당동 동호로 191 선일빌딩","회전식","37.5553999999999","127.010369","1","2018-12-11"
"중구","서울특별시 중구 장충동2가 퇴계로52길 22 ","회전식","37.562447700124302","127.003878951072","1","2018-12-11"
"중구","서울특별시 중구 신당동 난계로6길 8 무학봉 근린공원 다목적 체력단련장","회전식","37.562486","127.024522","1","2018-12-11"
"중구","서울특별시 중구 신당동 다산로22길 29 ","고정식","37.5573539999999","127.014617","3","2018-12-11"
"중구","서울특별시 중구 다동 남대문로9길 40 센터플레이스(Center Place)","고정식","37.5679859999999","126.980421","2","2018-12-11"
"중구","서울특별시 중구 신당동 난계로6길 8 무학봉 근린공원 다목적 체력단련장","회전식","37.5625459999999","127.024957","1","2018-12-11"
"중구","서울특별시 중구 신당동 퇴계로88가길 48 ","회전식","37.562609","127.022938999999","1","2018-12-11"
"중구","서울특별시 중구 장충동1가 장충단로8길 45 ","고정식","37.56277","127.009454","2","2018-12-11"
"중구","서울특별시 중구 신당동 다산로12길 29 석산노인정","회전식","37.555576","127.013793","1","2018-12-11"
"중구","서울특별시 중구 신당동 동호로 193 ","고정식","37.554732","127.009531","1","2018-12-11"
"중구","서울특별시 중구 장충동1가 장충단로8길 45 ","회전식","37.56277","127.009454","1","2018-12-11"
"중구","서울특별시 중구 신당동 동호로8가길 45 ","고정식","37.554586","127.01439","2","2018-12-11"
"중구","서울특별시 중구 신당동 다산로 149 ","고정식","37.5579469999999","127.011649","3","2018-12-11"
"중구","서울특별시 중구 신당동 다산로44길 64 ","고정식","37.564435","127.020895","3","2018-12-11"
"중구","서울특별시 중구 정동 서소문로 89 삼정 아트테라스 정동","고정식","37.563422","126.971315","2","2018-12-11"
"중구","서울특별시 중구 남산동2가 퇴계로20가길 30 ","회전식","37.5585809999999","126.986602","1","2018-12-11"
"중구","난계로 6길 8 무학봉근린공원","회전식","37.562913","127.025051","1","2018-12-11"
"중구","서울특별시 중구 신당동 동호로8가길 45 ","고정식","37.5541849999999","127.014058","1","2018-12-11"
"중구","서울특별시 중구 회현동1가 소공로3길 26 ","회전식","37.556742","126.982532","2","2018-12-11"
"중구","서울특별시 중구 장충동2가 동호로11차길 24 ","고정식","37.552379","127.004797999999","1","2018-12-11"
"중구","서울특별시 중구 회현동1가 퇴계로12가길 23 회현어린이집","회전식","37.5567769999999","126.98058","1","2018-12-11"
"중구","만리재로37길 59-3 전신주 옆","회전식","37.556818","128.96562","1","2018-12-11"
"중구","서울특별시 성동구 옥수동 동호로5길 131 서울방송고등학교","고정식","37.548042","127.010017","2","2018-12-11"
"중구","서울특별시 중구 신당동 다산로 232 창원빌딩","회전식","37.563028139153303","127.01679110527","1","2018-12-11"
"중구","서울특별시 중구 필동2가 필동로 34 삼경하이빌","회전식","37.558647","126.995425999999","3","2018-12-11"
"중구","서울특별시 중구 신당동 다산로42길 43 ","고정식","37.5646259999999","127.019631","3","2018-12-11"
"중구","서울특별시 중구 회현동1가 소공로3길 45 ","회전식","37.556834","126.981412","1","2018-12-11"
"중구","서울특별시 중구 중림동 청파로 429 ","회전식","37.5588309999999","126.968339","1","2018-12-11"
"중구","서울특별시 중구 신당동 다산로28가길 24 ","회전식","37.5589319999999","127.015013999999","1","2018-12-11"
"중구","서울특별시 중구 주교동 청계천로 194 ","고정식","37.568711","126.999045","1","2018-12-11"
"중구","서울특별시 중구 쌍림동 퇴계로 300 ","회전식","37.5632960325645","127.005684077739","1","2018-12-11"
"중구","서울특별시 중구 충무로5가 퇴계로 265 ","회전식","37.5633279245731","127.001709043979","1","2018-12-11"
"중구","서울특별시 중구 저동1가 삼일대로 330 평화빌딩","고정식","37.5646419999999","126.988488","1","2018-12-11"
"중구","서울특별시 중구 남산동2가 소공로6길 32 ","회전식","37.558953","126.985902","1","2018-12-11"
"중구","서울특별시 중구 신당동 다산로33가길 11 ","회전식","37.563383","127.014276","1","2018-12-11"
"중구","서울특별시 중구 장충동2가 동호로25가길 15 장충동빌리지","회전식","37.5589607","127.001423499999","1","2018-12-11"
"중구","서울특별시 중구 장충동2가 서애로3길 40 ","회전식","37.558967","126.9983381","1","2018-12-11"
"중구","서울특별시 중구 충무로3가 수표로 22 ","회전식","37.563411","126.991795999999","3","2018-12-11"
"중구","서울특별시 중구 신당동 청구로 65 ","고정식","37.559668","127.014118999999","3","2018-12-11"
"중구","서울특별시 중구 저동1가 삼일대로 336 가로판매대39","고정식","37.564695","126.987103","2","2018-12-11"
"중구","서울특별시 중구 신당동 다산로24가길 1 ","고정식","37.5573339999999","127.016577","2","2018-12-11"
"중구","서울특별시 중구 정동 서소문로 89 삼정 아트테라스 정동","회전식","37.563526","126.9712644","1","2018-12-11"
"중구","서울특별시 중구 회현동1가 퇴계로12가길 23 회현어린이집","고정식","37.5567769999999","126.98058","1","2018-12-11"
"중구","서울특별시 중구 충무로4가 창경궁로1길 6 ","회전식","37.5635729999999","126.997208","2","2018-12-11"
"중구","서울특별시 중구 태평로1가 세종대로 136 파이낸스빌딩","고정식","37.568953","126.977344","1","2018-12-11"
"중구","서울특별시 중구 신당동 동호로8가길 45 ","회전식","37.554586","127.01439","1","2018-12-11"
"중구","서울특별시 중구 신당동 다산로40길 33 ","회전식","37.563662","127.018424","1","2018-12-11"
"중구","서울특별시 중구 장충동2가 동호로25가길 45 영웅타운","회전식","37.5590819150798","127.000418901443","1","2018-12-11"
"중구","서울특별시 중구 충무로5가 서애로 12 고려빌딩","고정식","37.5611279999999","126.997252","2","2018-12-11"
"중구","서울특별시 중구 저동1가 삼일대로 336 가로판매대39","고정식","37.5647179999999","126.987226","2","2018-12-11"
"중구","서울특별시 중구 충무로5가 퇴계로45길 16 진영빌딩","회전식","37.5637809999999","126.999448","1","2018-12-11"
"중구","서울특별시 중구 필동3가 서애로3길 10 ","고정식","37.559724","126.9975","2","2018-12-11"
"중구","서울특별시 중구 신당동 다산로 137 ","","37.556147000000003","127.01148000000001","2","2018-12-11"
"중구","서울특별시 성동구 옥수동 매봉18길 1 구립금옥어린이집","어린이안전","37.549562000000002","127.012174","1","2018-12-11"
"중구","서울특별시 중구 서소문동 서소문로11길 14 ","회전식","37.563811","126.97295","2","2018-12-11"
"중구","서울특별시 중구 신당동 다산로38길 23 ","회전식","37.563813","127.017149","1","2018-12-11"
"중구","서울특별시 종로구 관철동 청계천로 57 ","회전식","37.568213","126.984877","1","2018-12-11"
"중구","서울특별시 중구 광희동2가 퇴계로 326 ","회전식","37.56387","127.008011999999","1","2018-12-11"
"중구","서울특별시 중구 신당동 다산로38길 61 ","어린이안전","37.562970730000004","127.01988101000001","1","2018-12-11"
"중구","서울특별시 중구 충무로5가 동호로31길 31 ","회전식","37.56389","127.000153","1","2018-12-11"
"중구","서울특별시 중구 신당동 다산로40길 33 ","회전식","37.5638939999999","127.018922","1","2018-12-11"
"중구","서울특별시 중구 만리동1가 손기정로 101 손기정공원","고정식","37.556818","126.96562","1","2018-12-11"
"중구","서울특별시 중구 남대문로5가 후암로58길 13 ","회전식","37.5546089999999","126.974119","1","2018-12-11"
"중구","서울특별시 서대문구 미근동 통일로 97 경찰청","회전식","37.563955","126.968678999999","1","2018-12-11"
"중구","서울특별시 중구 신당동 다산로31길 50 ","회전식","37.563958","127.01298","3","2018-12-11"
"중구","서울특별시 중구 회현동1가 소파로 83 ","회전식","37.556925","126.984112","1","2018-12-11"
"중구","서울특별시 중구 광희동2가 퇴계로 326 ","회전식","37.5639869999999","127.008982","1","2018-12-11"
"중구","서울특별시 성동구 옥수동 동호로5길 131 서울방송고등학교","회전식","37.548042","127.010017","1","2018-12-11"
"중구","서울특별시 중구 남산동3가 소파로 131 남산빌딩","고정식","37.559781","126.987521","2","2018-12-11"
"중구","서울특별시 중구 신당동 다산로16길 43 ","회전식","37.5558029999999","127.014","1","2018-12-11"
"중구","서울특별시 중구 저동1가 삼일대로 336 가로판매대39","고정식","37.5647949999999","126.987117","2","2018-12-11"
"중구","서울특별시 중구 신당동 왕십리로 397 ","회전식","37.56414","127.025857","1","2018-12-11"
"중구","서울특별시 중구 정동 서소문로 89 삼정 아트테라스 정동","고정식","37.563526","126.9712644","1","2018-12-11"
"중구","만리재로37길 59-3 전신주 옆","고정식","37.556818","127.96562","1","2018-12-11"
"중구","서울특별시 중구 광희동1가 마른내로 153 ","회전식","37.564287","127.005003","1","2018-12-11"
"중구","서울특별시 중구 신당동 퇴계로 364 ","회전식","37.564289","127.012399","1","2018-12-11"
"중구","서울특별시 종로구 신문로2가 새문안로2길 10 ","회전식","37.5683769999999","126.971341","1","2018-12-11"
"중구","서울특별시 중구 인현동2가 마른내로 74 ","회전식","37.5642953090125","126.99684888124401","1","2018-12-11"
"중구","서울특별시 중구 신당동 동호로 193 ","회전식","37.554732","127.009531","1","2018-12-11"
"중구","서울특별시 중구 신당동 다산로5길 9 ","회전식","37.5492229999999","127.006005","2","2018-12-11"
"중구","서울특별시 중구 저동1가 삼일대로 336 가로판매대39","고정식","37.564796","126.987226","2","2018-12-11"
"중구","서울특별시 중구 남산동2가 퇴계로20가길 8 ","회전식","37.559598","126.986403999999","1","2018-12-11"
"중구","서울특별시 중구 신당동 다산로44길 64 ","회전식","37.564435","127.020895","1","2018-12-11"
"중구","서울특별시 중구 신당동 동호로8라길 3 가나다빌라","회전식","37.5533659999999","127.015187","2","2018-12-11"
"중구","서울특별시 중구 중림동 서소문로2길 25 ","회전식","37.557191","126.963249","1","2018-12-11"
"중구","서울특별시 중구 신당동 청구로 65 ","회전식","37.559668","127.014118999999","1","2018-12-11"
"중구","서울특별시 중구 신당동 다산로42길 43 ","회전식","37.5646259999999","127.019631","1","2018-12-11"
"중구","서울특별시 중구 저동1가 삼일대로 330 평화빌딩","회전식","37.5646419999999","126.988488","1","2018-12-11"
"중구","서울특별시 중구 신당동 다산로5길 9 ","회전식","37.5496989999999","127.006626999999","1","2018-12-11"
"중구","서울특별시 중구 저동1가 삼일대로 336 가로판매대39","회전식","37.564695","126.987103","1","2018-12-11"
"중구","서울특별시 중구 저동1가 삼일대로 336 가로판매대39","회전식","37.5647179999999","126.987226","1","2018-12-11"
"중구","서울특별시 중구 인현동2가 마른내로 74 ","회전식","37.564722","126.996655","1","2018-12-11"
"중구","서울특별시 중구 회현동1가 퇴계로12가길 23 회현어린이집","고정식","37.5568639999999","126.980859","2","2018-12-11"
"중구","서울특별시 중구 장충동2가 동호로27길 11 ","고정식","37.559854","127.002211","1","2018-12-11"
"중구","서울특별시 중구 저동1가 삼일대로 336 가로판매대39","회전식","37.5647949999999","126.987117","1","2018-12-11"
"중구","서울특별시 중구 저동1가 삼일대로 336 가로판매대39","회전식","37.564796","126.987226","1","2018-12-11"
"중구","서울특별시 중구 신당동 다산로5길 9 ","회전식","37.549812","127.006844","2","2018-12-11"
"중구","서울특별시 중구 필동3가 서애로3길 10 ","회전식","37.559724","126.9975","1","2018-12-11"
"중구","서울특별시 중구 남산동2가 퇴계로20가길 30 ","고정식","37.5585809999999","126.986602","1","2018-12-11"
"중구","서울특별시 중구 신당동 동호로11바길 33 타워빌라","회전식","37.549815","127.00588","3","2018-12-11"
"중구","서울특별시 중구 남산동3가 소파로 131 남산빌딩","회전식","37.559781","126.987521","1","2018-12-11"
"중구","서울특별시 중구 신당동 동호로11마길 32 푸른마을","회전식","37.5500529999999","127.005762","2","2018-12-11"
"중구","다산로 24길 23 맞은편 청구동마을마당","회전식","37.5558589999999","127.016294","1","2018-12-11"
"중구","서울특별시 중구 신당동 퇴계로 426 ","회전식","37.5650713336031","127.01971739530499","1","2018-12-11"
"중구","서울특별시 중구 인현동2가 을지로20길 25 ","회전식","37.5652648069681","126.995352208613","1","2018-12-11"
"중구","서울특별시 중구 신당동 다산로36가길 26 지산빌딩","고정식","37.5616849999999","127.020398","1","2018-12-11"
"중구","서울특별시 중구 광희동1가 동호로34길 15 화신여관","회전식","37.5652818155914","127.003186941146","1","2018-12-11"
"중구","서울특별시 중구 신당동 퇴계로 426 ","회전식","37.5653629999999","127.019282","1","2018-12-11"
"중구","서울특별시 중구 장충동2가 동호로27길 11 ","회전식","37.559854","127.002211","1","2018-12-11"
"중구","서울특별시 중구 신당동 다산로 174 청구공영주차장","회전식","37.5599139999999","127.013955999999","1","2018-12-11"
"중구","서울특별시 중구 을지로3가 수표로 48 ","회전식","37.565547","126.990990999999","1","2018-12-11"
"중구","서울특별시 중구 을지로3가 수표로 48 ","회전식","37.5655849999999","126.990527","1","2018-12-11"
"중구","서울특별시 중구 신당동 다산로 165 ","회전식","37.559944","127.012516","1","2018-12-11"
"중구","서울특별시 중구 신당동 동호로8가길 27 에덴빌라","고정식","37.55326","127.014112999999","1","2018-12-11"
"중구","서울특별시 중구 필동1가 퇴계로 184 스타빌딩","회전식","37.560025","126.992517","1","2018-12-11"
"중구","서울특별시 중구 신당동 다산로36가길 2 ","회전식","37.5600579999999","127.018157","1","2018-12-11"
"중구","서울특별시 중구 회현동1가 소파로 83 ","고정식","37.556925","126.984112","1","2018-12-11"
"중구","서울특별시 중구 신당동 퇴계로88가길 48 ","고정식","37.5621270999999","127.022104899998","2","2018-12-11"
"중구","서울특별시 중구 신당동 다산로 61 해강약국","회전식","37.5509289999999","127.007092","3","2018-12-11"
"중구","서울특별시 중구 신당동 동호로8나길 38 신당힐빌리지","고정식","37.5514986","127.0133512","1","2018-12-11"
"중구","서울특별시 중구 신당동 동호로11라길 15 ","회전식","37.5511619999999","127.005731999999","1","2018-12-11"
"중구","서울특별시 중구 신당동 동호로11라길 35 ","회전식","37.5511869999999","127.00453","1","2018-12-11"
"중구","서울특별시 중구 회현동1가 퇴계로8길 86 ","고정식","37.5553209999999","126.980929","1","2018-12-11"
"중구","서울특별시 중구 신당동 동호로8나길 38 신당힐빌리지","회전식","37.5514986","127.0133512","1","2018-12-11"
"중구","서울특별시 중구 신당동 다산로 75 ","회전식","37.5516332728665","127.007465064524","1","2018-12-11"
"중구","서울특별시 중구 신당동 다산로8길 38 ","회전식","37.551676","127.011536","1","2018-12-11"
"중구","서울특별시 중구 신당동 동호로8길 54 ","회전식","37.5520369999999","127.014082","1","2018-12-11"
"중구","서울특별시 중구 남학동 퇴계로 170 중부세무서","회전식","37.5601514134795","126.990151405334","1","2018-12-11"
"중구","서울특별시 중구 신당동 매봉18길 109 동산초등학교","회전식","37.555973265975702","127.017386555671","1","2018-12-11"
"중구","서울특별시 중구 신당동 다산로 174 청구공영주차장","고정식","37.5599139999999","127.013955999999","1","2018-12-11"
"중구","서울특별시 중구 신당동 동호로11나길 43 한서빌라","회전식","37.5520989999999","127.005081","1","2018-12-11"
"중구","서울특별시 중구 신당동 다산로 269 광희초등학교","회전식","37.567152","127.015866","1","2018-12-11"
"중구","서울특별시 중구 신당동 다산로36가길 2 ","회전식","37.560174","127.018255999999","1","2018-12-11"
"중구","서울특별시 중구 회현동1가 퇴계로10길 20 ","고정식","37.5571339999999","126.980757","1","2018-12-11"
"중구","서울특별시 중구 장충동2가 동호로11차길 24 ","회전식","37.552165","127.004883","1","2018-12-11"
"중구","서울특별시 중구 충무로5가 퇴계로 265 충무창업큐브","고정식","37.5621849999999","127.001161","3","2018-12-11"
"중구","서울특별시 중구 을지로4가 창경궁로 53 ","회전식","37.567236","126.997832","1","2018-12-11"
"중구","서울특별시 중구 황학동 다산로46길 35 ","회전식","37.5672939999999","127.018866","1","2018-12-11"
"중구","서울특별시 중구 신당동 동호로8길 42 ","회전식","37.552168","127.013915999999","1","2018-12-11"
"중구","서울특별시 중구 신당동 다산로 149 ","회전식","37.557296","127.01123","2","2018-12-11"
"중구","서울특별시 중구 황학동 다산로46길 35 ","회전식","37.5673409999999","127.018283","1","2018-12-11"
"중구","서울특별시 중구 신당동 다산로24가길 1 ","회전식","37.5573339999999","127.016577","1","2018-12-11"
"중구","서울특별시 중구 흥인동 마장로 66 ","회전식","37.567439","127.017971","1","2018-12-11"
"중구","서울특별시 중구 신당동 다산로 165 ","고정식","37.559944","127.012516","1","2018-12-11"
"중구","서울특별시 중구 황학동 퇴계로87길 35 ","회전식","37.5675354238506","127.020951211452","1","2018-12-11"
"중구","서울특별시 중구 신당동 다산로8길 38 ","고정식","37.551676","127.011536","2","2018-12-11"
"중구","서울특별시 중구 황학동 다산로46길 35 ","회전식","37.5677","127.018120999999","1","2018-12-11"
"중구","서울특별시 중구 신당동 퇴계로 426 ","고정식","37.5653629999999","127.019282","3","2018-12-11"
"중구","서울특별시 중구 을지로4가 을지로 189 동원빌딩","회전식","37.5677969230357","126.999096572399","1","2018-12-11"
"중구","서울특별시 중구 신당동 다산로38길 45 ","고정식","37.5623069999999","127.018133","2","2018-12-11"
"중구","서울특별시 중구 신당동 동호로10길 8 ","고정식","37.554243","127.012159999999","2","2018-12-11"
"중구","서울특별시 중구 장충동2가 동호로11차길 24 ","회전식","37.552379","127.004797999999","1","2018-12-11"
"중구","서울특별시 중구 필동1가 퇴계로 184 스타빌딩","고정식","37.560025","126.992517","1","2018-12-11"
"중구","서울특별시 중구 순화동 서소문로 81 혜명빌딩","고정식","37.562317","126.97044","2","2018-12-11"
"중구","서울특별시 중구 정동 정동길 21 정동빌딩","회전식","37.56792","126.971639999999","1","2018-12-11"
"중구","서울특별시 중구 신당동 다산로22길 29 ","회전식","37.5573539999999","127.014617","1","2018-12-11"
"중구","서울특별시 중구 다동 남대문로9길 40 센터플레이스(Center Place)","회전식","37.5679319999999","126.980031","1","2018-12-11"
"중구","서울특별시 중구 신당동 동호로11나길 43 한서빌라","회전식","37.552579","127.005797","1","2018-12-11"
"중구","서울특별시 중구 신당동 다산로24가길 7 ","","37.556480999999998","127.01618999999999","3","2018-12-11"
"중구","서울특별시 중구 다동 남대문로9길 40 센터플레이스(Center Place)","회전식","37.5679859999999","126.980421","1","2018-12-11"
"중구","서울특별시 중구 다동 청계천로 24 한미빌딩","회전식","37.5680699999999","126.980653","1","2018-12-11"
"중구","서울특별시 중구 다동 청계천로 24 한미빌딩","회전식","37.5681629999999","126.980836","1","2018-12-11"
"중구","서울특별시 중구 신당동 청구로 70 신진빌딩","회전식","37.5605467999999","127.0149722","1","2018-12-11"
"중구","서울특별시 마포구 아현동 환일길 67 청보파크빌","회전식","37.5526089999999","126.962871","1","2018-12-11"
"중구","서울특별시 중구 신당동 다산로10길 10 ","회전식","37.5526390850477","127.010756134986","1","2018-12-11"
"중구","서울특별시 중구 신당동 다산로 149 ","고정식","37.557296","127.01123","1","2018-12-11"
"중구","서울특별시 중구 신당동 청구로 77 청구역 56호선","회전식","37.5605639999999","127.013459999999","1","2018-12-11"
"중구","서울특별시 중구 신당동 동호로5길 2 ","회전식","37.552819","127.012604","1","2018-12-11"
"중구","서울특별시 중구 신당동 다산로10길 10 ","회전식","37.552992072997","127.010206282138","1","2018-12-11"
"중구","서울특별시 중구 신당동 동호로17길 123 ","회전식","37.553508","127.005082","1","2018-12-11"
"중구","서울특별시 중구 신당동 동호로8가길 27 에덴빌라","회전식","37.55326","127.014112999999","1","2018-12-11"
"중구","서울특별시 중구 묵정동 서애로1길 26 ","","37.560859000000001","126.999945","2","2018-12-11"
"중구","서울특별시 중구 신당동 다산로36가길 26 ","회전식","37.5605853","127.0206778","1","2018-12-11"
"중구","서울특별시 중구 회현동1가 퇴계로12길 39 회동장여관","회전식","37.5574255443181","126.981962621212","1","2018-12-11"
"중구","서울특별시 중구 봉래동2가 통일로 21 서울역앞우체국","회전식","37.5574893333474","126.971535","1","2018-12-11"
"중구","서울특별시 중구 신당동 다산로36가길 2 ","회전식","37.560648","127.01869","1","2018-12-11"
"중구","서울특별시 중구 신당동 다산로36가길 2 ","고정식","37.5600579999999","127.018157","1","2018-12-11"
"중구","서울특별시 중구 을지로3가 수표로 48 ","고정식","37.565547","126.990990999999","2","2018-12-11"
"중구","서울특별시 중구 회현동1가 소공로3길 45 ","회전식","37.5560139999999","126.981874","1","2018-12-11"
"중구","서울특별시 중구 을지로3가 수표로 48 ","고정식","37.5655849999999","126.990527","1","2018-12-11"
"중구","서울특별시 중구 남산동2가 소파로 91 ","회전식","37.557512","126.985225","1","2018-12-11"
"중구","서울특별시 중구 신당동 다산로36가길 26 ","회전식","37.560748880056998","127.02081978321","1","2018-12-11"
"중구","서울특별시 중구 남학동 퇴계로 170 중부세무서","고정식","37.5601514134795","126.990151405334","1","2018-12-11"
"중구","서울특별시 중구 신당동 동호로8길 42 ","고정식","37.552168","127.013915999999","1","2018-12-11"
"중구","서울특별시 중구 신당동 다산로24가길 7 ","회전식","37.5561289999999","127.016358","1","2018-12-11"
"중구","서울특별시 중구 중림동 청파로 429 ","고정식","37.5588309999999","126.968339","1","2018-12-11"
"중구","다산로24길 77 옆 응봉삼성공원","회전식","37.557572","127.017005","1","2018-12-11"
"중구","서울특별시 중구 신당동 동호로17길 123 ","고정식","37.553508","127.005082","2","2018-12-11"
"중구","서울특별시 중구 신당동 다산로38길 23 ","고정식","37.563813","127.017149","1","2018-12-11"
"중구","서울특별시 마포구 아현동 환일길 67 청보파크빌","고정식","37.552573","126.962836","2","2018-12-11"
"중구","서울특별시 중구 신당동 다산로32길 13 ","회전식","37.561052927045203","127.015012800693","1","2018-12-11"
"중구","서울특별시 중구 광희동2가 퇴계로 326 ","고정식","37.56387","127.008011999999","1","2018-12-11"
"중구","서울특별시 중구 장충동2가 동호로30길 20 ","회전식","37.561114586772597","127.004254460334","1","2018-12-11"
"중구","서울특별시 중구 충무로5가 서애로 12 고려빌딩","회전식","37.5611279999999","126.997252","1","2018-12-11"
"중구","서울특별시 중구 신당동 다산로28가길 24 ","고정식","37.5589319999999","127.015013999999","1","2018-12-11"
"중구","서울특별시 중구 신당동 퇴계로88가길 48 ","고정식","37.562609","127.022938999999","2","2018-12-11"
"중구","서울특별시 중구 신당동 동호로 191 선일빌딩","고정식","37.5553999999999","127.010369","1","2018-12-11"
"중구","서울특별시 중구 신당동 동호로10길 8 ","회전식","37.554243","127.012159999999","1","2018-12-11"
"중구","서울특별시 중구 신당동 다산로 269 광희초등학교","고정식","37.567152","127.015866","1","2018-12-11"
"중구","서울특별시 중구 필동2가 필동로 42 ","회전식","37.5578229999999","126.995394","1","2018-12-11"
"중구","서울특별시 중구 신당동 다산로36가길 2 ","고정식","37.560174","127.018255999999","1","2018-12-11"
"중구","서울특별시 중구 태평로1가 세종대로 136 파이낸스빌딩","회전식","37.568953","126.977344","1","2018-12-11"
"중구","서울특별시 중구 을지로4가 창경궁로 53 ","고정식","37.567236","126.997832","1","2018-12-11"
"중구","서울특별시 중구 신당동 청구로 70 신진빌딩","고정식","37.5605467999999","127.0149722","1","2018-12-11"
"중구","서울특별시 중구 황학동 다산로46길 35 ","고정식","37.5672939999999","127.018866","3","2018-12-11"
"중구","서울특별시 중구 남산동2가 소공로6길 32 ","고정식","37.558953","126.985902","2","2018-12-11"
"중구","서울특별시 중구 묵정동 동호로27길 38 ","회전식","37.5614547774546","127.002336680889","1","2018-12-11"
"중구","서울특별시 중구 회현동1가 퇴계로12길 39 회동장여관","회전식","37.557825","126.981421","3","2018-12-11"
"중구","서울특별시 중구 신당동 동호로15길 42 창원하이츠","회전식","37.554279","127.008593","1","2018-12-11"
"중구","서울특별시 중구 남대문로5가 후암로58길 13 ","고정식","37.5546089999999","126.974119","1","2018-12-11"
"중구","서울특별시 중구 황학동 다산로46길 35 ","고정식","37.5673409999999","127.018283","2","2018-12-11"
"중구","서울특별시 중구 신당동 동호로 218 ","회전식","37.557855","127.009496","1","2018-12-11"
"중구","서울특별시 중구 장충동2가 동호로25길 26 청우빌라","","37.559230999999997","127.001108","1","2018-12-11"
"중구","서울특별시 중구 묵정동 서애로1길 35 동국빌딩","회전식","37.561631250759","127.000217735767","1","2018-12-11"
"중구","서울특별시 중구 신당동 동호로17길 107 ","고정식","37.5544239999999","127.004994999999","1","2018-12-11"
"중구","서울특별시 중구 장충동2가 퇴계로52길 22 ","고정식","37.5624477001243","127.003878951072","3","2018-11-29"
"중구","서울특별시 중구 신당동 다산로29길 46 ","고정식","37.5626220449232","127.011896073817","2","2018-11-29"
"중구","서울특별시 중구 신당동 동호로17길 123 ","회전식","37.55398","127.0059","1","2018-11-29"
"중구","서울특별시 중구 봉래동2가 통일로 21 서울역앞우체국","고정식","37.557375","126.971766","2","2018-11-29"
"중구","서울특별시 중구 충무로2가 명동10길 35 ","고정식","37.5627496140297","126.985363662241","2","2018-11-29"
"중구","서울특별시 중구 남대문로5가 소월로2길 12 제일빌딩","회전식","37.554195","126.976477","1","2018-11-29"
"중구","서울특별시 중구 만리동2가 만리재로 183 ","회전식","37.55449","126.966266334","1","2018-11-29"
"중구","서울특별시 중구 을지로6가 장충단로 275 두산타워빌딩","회전식","37.5689066898498","127.009377479553","1","2018-11-29"
"중구","서울특별시 중구 신당동 다산로31길 26 ","고정식","37.562777253974","127.013242542743","2","2018-11-29"
"중구","서울특별시 중구 만리동2가 만리재로 183 ","고정식","37.55449","126.966266334","2","2018-11-29"
"중구","서울특별시 중구 중림동 중림로 45 ","고정식","37.55751","126.968089","2","2018-11-29"
"중구","서울특별시 중구 충무로4가 퇴계로 211 일흥빌딩주차장","고정식","37.5628552145174","126.995188593864","1","2018-11-29"
"중구","서울특별시 중구 필동2가 필동로 66 ","회전식","37.5550461745167","126.995612382888","1","2018-11-29"
"중구","서울특별시 중구 장충동1가 장충단로8가길 1 동림38빌딩","고정식","37.56287384","127.0086746","3","2018-11-29"
"중구","서울특별시 중구 황학동 마장로 109 ","회전식","37.56871414","127.0229797","1","2018-11-29"
"중구","서울특별시 중구 신당동 다산로38길 61 ","고정식","37.56297073","127.01988101","2","2018-11-29"
"중구","서울특별시 중구 필동2가 필동로8길 22 ","회전식","37.55533218","126.9945908","1","2018-11-29"
"중구","서울특별시 중구 충무로5가 퇴계로45길 16 진영빌딩","고정식","37.5630175084424","126.999107301235","2","2018-11-29"
"중구","서울특별시 중구 만리동1가 만리재로 197 ","회전식","37.55556","126.9673","1","2018-11-29"
"중구","서울특별시 중구 신당동 다산로42길 110 ","고정식","37.5630175084424","127.022850215435","2","2018-11-29"
"중구","서울특별시 중구 신당동 다산로 232 창원빌딩","고정식","37.5630281391533","127.01679110527","3","2018-11-29"
"중구","서울특별시 중구 광희동2가 퇴계로 326 ","고정식","37.56309509","127.0087585","1","2018-11-29"
"중구","서울특별시 중구 충무로5가 동호로31길 31 ","고정식","37.56310654","127.0005264","2","2018-11-29"
"중구","서울특별시 중구 필동2가 필동로8길 49 ","회전식","37.5558520643073","126.993718743324","1","2018-11-29"
"중구","서울특별시 중구 신당동 다산로24가길 3 ","고정식","37.55763626","127.0156631","2","2018-11-29"
"중구","서울특별시 중구 신당동 다산로40길 55 ","고정식","37.5631705905315","127.019191682338","2","2018-11-29"
"중구","서울특별시 중구 신당동 다산로20길 53 ","회전식","37.556097","127.015566","1","2018-11-29"
"중구","서울특별시 중구 신당동 다산로 137 ","회전식","37.556147","127.01148","1","2018-11-29"
"중구","서울특별시 중구 남창동 소월로1길 10 ","회전식","37.556229","126.977279","1","2018-11-29"
"중구","서울특별시 중구 필동2가 필동로 42 ","고정식","37.5577529940895","126.995641887187","2","2018-11-29"
"중구","서울특별시 중구 필동3가 필동로3길 22 ","회전식","37.55626","126.9965","1","2018-11-29"
"중구","서울특별시 중구 남창동 퇴계로6가길 6 ","회전식","37.55637","126.9784","1","2018-11-29"
"중구","서울특별시 중구 신당동 다산로24가길 7 ","회전식","37.5564809999999","127.016189999999","1","2018-11-29"
"중구","서울특별시 중구 필동2가 필동로 52 크로바빌딩","회전식","37.556522","126.995656999999","1","2018-11-29"
"중구","서울특별시 중구 장충동1가 장충단로 210 민일치과","고정식","37.56337044723","127.007558941841","1","2018-11-29"
"중구","서울특별시 중구 만리동1가 만리재로 207 ","회전식","37.5565622607502","126.967628","1","2018-11-29"
"중구","서울특별시 중구 필동2가 퇴계로36나길 27 풍경","회전식","37.5566175452194","126.993517577648","1","2018-11-29"
"중구","서울특별시 중구 필동3가 필동로 35 ","고정식","37.55791473","126.9964828","1","2018-11-29"
"중구","서울특별시 중구 광희동2가 퇴계로 336 ","고정식","37.5633853301541","127.009010016918","1","2018-11-29"
"중구","서울특별시 중구 신당동 다산로42길 72 ","고정식","37.5634342311698","127.020744681358","1","2018-11-29"
"중구","서울특별시 중구 필동2가 필동로 66 ","고정식","37.5550461745167","126.995612382888","2","2018-11-29"
"중구","서울특별시 중구 신당동 다산로40길 33 ","고정식","37.5635128979538","127.018295824527","2","2018-11-29"
"중구","서울특별시 중구 필동2가 필동로 30 ","고정식","37.5585439707181","126.996945440769","2","2018-11-29"
"중구","서울특별시 중구 신당동 다산로42길 87 ","고정식","37.5636425916594","127.0218282938","2","2018-11-29"
"중구","서울특별시 중구 필동3가 필동로 35 ","회전식","37.55714035","126.9964523","1","2018-11-29"
"중구","서울특별시 중구 회현동1가 소공로6가길 23 ","회전식","37.55724","126.9844","1","2018-11-29"
"중구","서울특별시 중구 충무로5가 동호로31길 31 ","고정식","37.5636659790248","127.000440359115","2","2018-11-29"
"중구","서울특별시 중구 신당동 청구로 128 ","고정식","37.5637042492435","127.010954618453","1","2018-11-29"
"중구","서울특별시 중구 봉래동2가 통일로 21 서울역앞우체국","회전식","37.557375","126.971766","1","2018-11-29"
"중구","서울특별시 중구 남대문로5가 통일로 22 ","고정식","37.5586199999999","126.972749233245","3","2018-11-29"
"중구","서울특별시 중구 중림동 중림로 45 ","회전식","37.55751","126.968089","1","2018-11-29"
"중구","서울특별시 중구 필동2가 필동로8길 22 ","고정식","37.55533218","126.9945908","1","2018-11-29"
"중구","서울특별시 중구 신당동 다산로42길 72 ","고정식","37.5637892941034","127.020441591739","2","2018-11-29"
"중구","서울특별시 중구 신당동 다산로24가길 3 ","회전식","37.55763626","127.0156631","1","2018-11-29"
"중구","서울특별시 중구 필동2가 필동로 42 ","회전식","37.5577529940895","126.995641887187","1","2018-11-29"
"중구","서울특별시 중구 충무로3가 수표로 20 ","고정식","37.5639253656772","126.990175545215","2","2018-11-29"
"중구","서울특별시 중구 충무로5가 퇴계로45길 16 진영빌딩","고정식","37.56395","126.999","2","2018-11-29"
"중구","서울특별시 중구 만리동1가 만리재로 197 ","고정식","37.55556","126.9673","2","2018-11-29"
"중구","서울특별시 중구 필동3가 필동로 35 ","회전식","37.55791473","126.9964828","1","2018-11-29"
"중구","서울특별시 중구 신당동 퇴계로 356 ","고정식","37.56412","127.0114","1","2018-11-29"
"중구","서울특별시 중구 황학동 난계로15길 16 ","회전식","37.569127","127.022259","1","2018-11-29"
"중구","서울특별시 중구 필동2가 필동로8길 49 ","고정식","37.5558520643073","126.993718743324","2","2018-11-29"
"중구","서울특별시 중구 인현동2가 마른내로 74 ","고정식","37.5642953090125","126.996848881244","2","2018-11-29"
"중구","서울특별시 중구 광희동1가 마른내로 145 ","고정식","37.5643654704723","127.00453877449","2","2018-11-29"
"중구","서울특별시 중구 신당동 다산로36길 109 현대아파트","고정식","37.55925","127.0209","1","2018-11-29"
"중구","서울특별시 중구 신당동 퇴계로 356 ","고정식","37.564399488126","127.011311352251","2","2018-11-29"
"중구","서울특별시 중구 신당동 다산로36길 109 현대아파트","고정식","37.5593","127.0208","3","2018-11-29"
"중구","서울특별시 중구 충무로5가 마른내로12길 7 ","고정식","37.5644164969469","127.000375986099","2","2018-11-29"
"중구","서울특별시 중구 신당동 매봉18길 109 동산초등학교","고정식","37.5559732659757","127.017386555671","1","2018-11-29"
"중구","서울특별시 중구 필동2가 필동로 30 ","회전식","37.5585439707181","126.996945440769","1","2018-11-29"
"중구","서울특별시 중구 신당동 다산로20길 53 ","고정식","37.556097","127.015566","1","2018-11-29"
"중구","서울특별시 중구 신당동 왕십리로 415 ","고정식","37.5645440629808","127.023799717426","2","2018-11-29"
"중구","서울특별시 중구 예장동 소파로4길 27 오피스웨이","회전식","37.5586013799853","126.988528668879","1","2018-11-29"
"중구","서울특별시 중구 순화동 통일로 40 ","고정식","37.5594922810921","126.971746087074","2","2018-11-29"
"중구","서울특별시 중구 신당동 퇴계로 364 ","고정식","37.5646099720126","127.012942135334","1","2018-11-29"
"중구","서울특별시 성동구 옥수동 매봉18길 1 구립금옥어린이집","고정식","37.549562","127.012174","4","2018-11-29"
"중구","서울특별시 중구 필동3가 서애로3길 10 ","회전식","37.5590500212535","126.997304856777","1","2018-11-29"
"중구","서울특별시 중구 신당동 다산로 137 ","고정식","37.556147","127.01148","1","2018-11-29"
"중구","서울특별시 중구 광희동2가 퇴계로 325 백운장여관","고정식","37.564788","127.008953","1","2018-11-29"
"중구","서울특별시 중구 장충동2가 동호로25길 26 청우빌라","회전식","37.5592309999999","127.001108","1","2018-11-29"
"중구","서울특별시 중구 신당동 다산로36길 109 현대아파트","회전식","37.55925","127.0209","1","2018-11-29"
"중구","서울특별시 중구 순화동 통일로 40 ","회전식","37.5594922810921","126.971746087074","1","2018-11-29"
"중구","서울특별시 중구 신당동 다산로36길 109 현대아파트","회전식","37.5595","127.0206","1","2018-11-29"
"중구","서울특별시 중구 신당동 다산로 165 ","고정식","37.55982971","127.0121765","2","2018-11-29"
"중구","서울특별시 중구 남창동 소월로1길 10 ","고정식","37.556229","126.977279","1","2018-11-29"
"중구","서울특별시 중구 신당동 다산로 236 ","고정식","37.5648587249301","127.01684474945","2","2018-11-29"
"중구","서울특별시 중구 광희동2가 퇴계로 325 백운장여관","고정식","37.5648927423587","127.008095383644","1","2018-11-29"
"중구","서울특별시 중구 신당동 다산로 165 ","회전식","37.55982971","127.0121765","1","2018-11-29"
"중구","서울특별시 중구 광희동1가 마른내로 147 ","고정식","37.56504369451","127.004058659075","2","2018-11-29"
"중구","서울특별시 중구 필동2가 서애로 30 ","회전식","37.5601514134795","126.996883749961","1","2018-11-29"
"중구","서울특별시 중구 신당동 퇴계로 426 ","고정식","37.5650713336031","127.019717395304","3","2018-11-29"
"중구","서울특별시 중구 필동3가 필동로3길 22 ","고정식","37.55626","126.9965","1","2018-11-29"
"중구","서울특별시 중구 남창동 퇴계로6가길 6 ","고정식","37.55637","126.9784","1","2018-11-29"
"중구","서울특별시 중구 광희동1가 마른내로 159 ","고정식","37.5654519016123","127.005651891231","2","2018-11-29"
"중구","서울특별시 중구 필동3가 서애로 15 ","회전식","37.5605702784504","126.998176574707","1","2018-11-29"
"중구","서울특별시 중구 필동2가 퇴계로 210 ","회전식","37.5605897","126.9953635","1","2018-11-29"
"중구","서울특별시 중구 을지로3가 을지로16길 5 ","고정식","37.5654625319757","126.994528770446","1","2018-11-29"
"중구","서울특별시 중구 인현동2가 창경궁로 29 선일금고","고정식","37.5655709615959","126.998989284038","3","2018-11-29"
"중구","서울특별시 중구 신당동 다산로24가길 7 ","고정식","37.5564809999999","127.016189999999","2","2018-11-29"
"중구","서울특별시 중구 신당동 다산로36가길 26 ","회전식","37.5607488800569","127.02081978321","1","2018-11-29"
"중구","서울특별시 중구 묵정동 서애로1길 26 ","회전식","37.560859","126.999945","1","2018-11-29"
"중구","서울특별시 중구 광희동1가 마른내로 159 ","고정식","37.5655879701494","127.00663357973","1","2018-11-29"
"중구","서울특별시 중구 신당동 청구로 91 ","회전식","37.5609168502248","127.011761963366","1","2018-11-29"
"중구","서울특별시 중구 신당동 청구로 77 청구역 56호선","회전식","37.5609296074373","127.013312280178","1","2018-11-29"
"중구","서울특별시 중구 광희동1가 마른내로 159 ","고정식","37.5657856942994","127.005579471588","1","2018-11-29"
"중구","서울특별시 중구 신당동 다산로32길 13 ","회전식","37.5610529270452","127.015012800693","1","2018-11-29"
"중구","서울특별시 중구 장충동2가 동호로30길 20 ","회전식","37.5611145867725","127.004254460334","1","2018-11-29"
"중구","서울특별시 중구 필동2가 서애로 30 ","고정식","37.5601514134795","126.996883749961","3","2018-11-29"
"중구","서울특별시 중구 필동2가 필동로 52 크로바빌딩","고정식","37.556522","126.995656999999","1","2018-11-29"
"중구","서울특별시 중구 입정동 을지로15길 16 ","고정식","37.56710052","126.9945908","2","2018-11-29"
"중구","서울특별시 중구 을지로6가 장충단로 249 ","고정식","37.5671144720145","127.007081508636","2","2018-11-29"
"중구","서울특별시 중구 충무로4가 퇴계로 209 ","회전식","37.5613484680333","126.995392441749","1","2018-11-29"
"중구","서울특별시 중구 묵정동 동호로27길 38 ","회전식","37.5614547774546","127.002336680889","1","2018-11-29"
"중구","서울특별시 중구 충무로5가 서애로 12 고려빌딩","회전식","37.56150436","126.9979324","1","2018-11-29"
"중구","서울특별시 중구 다동 남대문로9길 40 센터플레이스(Center Place)","고정식","37.567307940073","126.980543732643","2","2018-11-29"
"중구","서울특별시 중구 만리동1가 만리재로 207 ","고정식","37.5565622607502","126.967628","2","2018-11-29"
"중구","서울특별시 중구 묵정동 서애로1길 35 동국빌딩","회전식","37.561631250759","127.000217735767","1","2018-11-29"
"중구","서울특별시 중구 필동1가 퇴계로 179 ","회전식","37.5616699999999","126.9916","1","2018-11-29"
"중구","서울특별시 중구 필동2가 퇴계로36나길 27 풍경","고정식","37.5566175452194","126.993517577648","1","2018-11-29"
"중구","서울특별시 중구 수표동 수표로 72 ","고정식","37.56763","126.9909","1","2018-11-29"
"중구","서울특별시 중구 을지로6가 장충단로 251 ","고정식","37.5677756629736","127.008682787418","1","2018-11-29"
"중구","서울특별시 중구 필동2가 퇴계로 210 ","고정식","37.5605897","126.9953635","2","2018-11-29"
"중구","서울특별시 중구 을지로6가 장충단로 249 ","고정식","37.5678968452461","127.007741332054","1","2018-11-29"
"중구","서울특별시 중구 신당동 퇴계로88가길 48 ","회전식","37.5621117663124","127.023048698902","1","2018-11-29"
"중구","서울특별시 중구 필동1가 수표로2길 28 ","회전식","37.5621691728307","126.992264986037","1","2018-11-29"
"중구","서울특별시 중구 신당동 다산로36가길 26 ","고정식","37.5607488800569","127.02081978321","2","2018-11-29"
"중구","서울특별시 중구 신당동 다산로 211 광고자재백화점","회전식","37.562305","127.014304999999","1","2018-11-29"
"중구","서울특별시 중구 충무로4가 퇴계로 211 일흥빌딩주차장","회전식","37.5623201305007","126.995328068733","1","2018-11-29"
"중구","서울특별시 중구 장충동1가 장충단로 198 써미트호텔","회전식","37.5623350136347","127.006000578403","1","2018-11-29"
"중구","서울특별시 중구 장충동2가 동호로 310 태광산업","회전식","37.5624370693306","127.002411782741","1","2018-11-29"
"중구","서울특별시 중구 장충동2가 퇴계로52길 22 ","회전식","37.5624477001243","127.003878951072","1","2018-11-29"
"중구","서울특별시 중구 신당동 동호로17길 123 ","고정식","37.55398","127.0059","2","2018-11-29"
"중구","서울특별시 중구 신당동 다산로29길 46 ","회전식","37.5626220449232","127.011896073817","1","2018-11-29"
"중구","서울특별시 중구 묵정동 서애로1길 26 ","고정식","37.560859","126.999945","1","2018-11-29"
"중구","서울특별시 중구 충무로2가 명동10길 35 ","회전식","37.5627496140297","126.985363662241","1","2018-11-29"
"중구","서울특별시 중구 신당동 다산로31길 26 ","회전식","37.562777253974","127.013242542743","1","2018-11-29"
"중구","서울특별시 중구 남창동 퇴계로6가길 6 ","고정식","37.5567111034582","126.978662","2","2018-11-29"
"중구","서울특별시 중구 흥인동 마장로 68 ","고정식","37.5681269999999","127.017825","3","2018-11-29"
"중구","서울특별시 중구 신당동 청구로 91 ","고정식","37.5609168502248","127.011761963366","2","2018-11-29"
"중구","서울특별시 중구 충무로4가 퇴계로 211 일흥빌딩주차장","회전식","37.5628552145174","126.995188593864","1","2018-11-29"
"중구","서울특별시 중구 신당동 청구로 77 청구역 56호선","고정식","37.5609296074373","127.013312280178","2","2018-11-29"
"중구","서울특별시 중구 신당동 다산로38길 61 ","회전식","37.56297073","127.01988101","1","2018-11-29"
"중구","서울특별시 중구 충무로5가 퇴계로45길 16 진영빌딩","회전식","37.5630175084424","126.999107301235","1","2018-11-29"
"중구","서울특별시 중구 신당동 다산로42길 110 ","회전식","37.5630175084424","127.022850215435","1","2018-11-29"
"중구","서울특별시 중구 신당동 다산로 232 창원빌딩","회전식","37.5630281391533","127.01679110527","1","2018-11-29"
"중구","서울특별시 중구 광희동2가 퇴계로 326 ","회전식","37.56309509","127.0087585","1","2018-11-29"
"중구","서울특별시 중구 충무로5가 동호로31길 31 ","회전식","37.56310654","127.0005264","1","2018-11-29"
"중구","서울특별시 중구 신당동 다산로32길 13 ","고정식","37.5610529270452","127.015012800693","3","2018-11-29"
"중구","서울특별시 중구 신당동 다산로40길 55 ","회전식","37.5631705905315","127.019191682338","1","2018-11-29"
"중구","서울특별시 중구 신당동 다산로31길 60 현대빌딩","회전식","37.5631727166694","127.011094093322","1","2018-11-29"
"중구","서울특별시 중구 황학동 마장로 109 ","고정식","37.56871414","127.0229797","2","2018-11-29"
"중구","서울특별시 중구 장충동1가 장충단로 210 민일치과","회전식","37.56337044723","127.007558941841","1","2018-11-29"
"중구","서울특별시 중구 광희동2가 퇴계로 336 ","회전식","37.5633853301541","127.009010016918","1","2018-11-29"
"중구","서울특별시 중구 장충동2가 동호로30길 20 ","고정식","37.5611145867725","127.004254460334","2","2018-11-29"
"중구","서울특별시 중구 을지로6가 장충단로 275 두산타워빌딩","고정식","37.5689066898498","127.009377479553","1","2018-11-29"
"중구","서울특별시 중구 신당동 다산로42길 72 ","회전식","37.5634342311698","127.020744681358","1","2018-11-29"
"중구","서울특별시 중구 신당동 다산로40길 33 ","회전식","37.5635128979538","127.018295824527","1","2018-11-29"
"중구","서울특별시 중구 신당동 다산로42길 87 ","회전식","37.5636425916594","127.0218282938","1","2018-11-29"
"중구","서울특별시 중구 충무로5가 동호로31길 31 ","회전식","37.5636659790248","127.000440359115","1","2018-11-29"
"중구","서울특별시 중구 신당동 청구로 128 ","회전식","37.5637042492435","127.010954618453","1","2018-11-29"
"중구","서울특별시 중구 신당동 다산로42길 72 ","회전식","37.5637892941034","127.020441591739","1","2018-11-29"
"중구","서울특별시 중구 황학동 난계로15길 16 ","고정식","37.569127","127.022259","1","2018-11-29"
"중구","서울특별시 중구 충무로5가 퇴계로45길 16 진영빌딩","회전식","37.56395","126.999","1","2018-11-29"
"중구","서울특별시 중구 충무로4가 퇴계로 209 ","고정식","37.5613484680333","126.995392441749","2","2018-11-29"
"중구","서울특별시 중구 묵정동 동호로27길 38 ","고정식","37.5614547774546","127.002336680889","2","2018-11-29"
"중구","서울특별시 중구 충무로5가 서애로 12 고려빌딩","고정식","37.56150436","126.9979324","1","2018-11-29"
"중구","서울특별시 중구 신당동 퇴계로 356 ","회전식","37.56412","127.0114","1","2018-11-29"
"중구","서울특별시 중구 묵정동 서애로1길 35 동국빌딩","고정식","37.561631250759","127.000217735767","3","2018-11-29"
"중구","서울특별시 중구 인현동2가 마른내로 74 ","회전식","37.5642953090125","126.996848881244","1","2018-11-29"
"중구","서울특별시 중구 광희동1가 마른내로 145 ","회전식","37.5643654704723","127.00453877449","1","2018-11-29"
"중구","서울특별시 중구 충무로5가 마른내로12길 7 ","회전식","37.5644164969469","127.000375986099","1","2018-11-29"
"중구","서울특별시 중구 필동1가 퇴계로 179 ","고정식","37.5616699999999","126.9916","1","2018-11-29"
"중구","서울특별시 성동구 옥수동 매봉18길 1 구립금옥어린이집","회전식","37.549562","127.012174","1","2018-11-29"
"중구","서울특별시 중구 신당동 왕십리로 415 ","회전식","37.5645440629808","127.023799717426","1","2018-11-29"
"중구","서울특별시 중구 신당동 퇴계로 364 ","회전식","37.5646099720126","127.012942135334","1","2018-11-29"
"중구","서울특별시 중구 광희동2가 퇴계로 325 백운장여관","회전식","37.564788","127.008953","1","2018-11-29"
"중구","서울특별시 중구 신당동 다산로 236 ","회전식","37.5648587249301","127.01684474945","1","2018-11-29"
"중구","서울특별시 중구 광희동2가 퇴계로 325 백운장여관","회전식","37.5648927423587","127.008095383644","1","2018-11-29"
"중구","서울특별시 중구 광희동1가 마른내로 147 ","회전식","37.56504369451","127.004058659075","1","2018-11-29"
"중구","서울특별시 중구 신당동 퇴계로 426 ","회전식","37.5650713336031","127.019717395304","1","2018-11-29"
"중구","서울특별시 중구 광희동1가 마른내로 159 ","회전식","37.5654519016123","127.005651891231","1","2018-11-29"
"중구","서울특별시 중구 을지로3가 을지로16길 5 ","회전식","37.5654625319757","126.994528770446","1","2018-11-29"
"중구","서울특별시 중구 광희동1가 마른내로 159 ","회전식","37.5655879701494","127.00663357973","1","2018-11-29"
"중구","서울특별시 중구 남대문로5가 소월로2길 12 제일빌딩","고정식","37.554195","126.976477","3","2018-11-29"
"중구","서울특별시 중구 신당동 퇴계로88가길 48 ","고정식","37.5621117663124","127.023048698902","2","2018-11-29"
"중구","서울특별시 중구 광희동1가 마른내로 159 ","회전식","37.5657856942994","127.005579471588","1","2018-11-29"
"중구","서울특별시 중구 필동1가 수표로2길 28 ","고정식","37.5621691728307","126.992264986037","1","2018-11-29"
"중구","서울특별시 중구 을지로4가 을지로 159 ","회전식","37.5669911624403","126.99645191431","1","2018-11-29"
"중구","서울특별시 중구 입정동 을지로15길 16 ","회전식","37.56710052","126.9945908","1","2018-11-29"
"중구","서울특별시 중구 을지로6가 장충단로 249 ","회전식","37.5671144720145","127.007081508636","1","2018-11-29"
"중구","서울특별시 중구 을지로6가 장충단로 251 ","회전식","37.567176126725","127.008285820484","1","2018-11-29"
"중구","서울특별시 중구 다동 남대문로9길 40 센터플레이스(Center Place)","회전식","37.567307940073","126.980543732643","1","2018-11-29"
"중구","서울특별시 중구 신당동 다산로 211 광고자재백화점","고정식","37.562305","127.014304999999","3","2018-11-29"
"중구","서울특별시 중구 필동3가 필동로 35 ","고정식","37.55714035","126.9964523","2","2018-11-29"
"중구","서울특별시 중구 수표동 수표로 72 ","회전식","37.56763","126.9909","1","2018-11-29"
"중구","서울특별시 중구 을지로6가 장충단로 251 ","회전식","37.5677756629736","127.008682787418","1","2018-11-29"
"중구","서울특별시 중구 을지로6가 장충단로 249 ","회전식","37.5678968452461","127.007741332054","1","2018-11-29"
"중구","서울특별시 중구 회현동1가 소공로6가길 23 ","고정식","37.55724","126.9844","1","2018-11-29"
"중구","서울특별시 중구 충무로4가 퇴계로 211 일흥빌딩주차장","고정식","37.5623201305007","126.995328068733","1","2018-11-29"
"중구","서울특별시 중구 황학동 마장로 75 ","회전식","37.56818389","127.01834106","1","2018-11-29"
"중구","서울특별시 중구 장충동1가 장충단로 198 써미트호텔","고정식","37.5623350136347","127.006000578403","2","2018-11-29"
"중구","서울특별시 중구 장충동2가 동호로 310 태광산업","고정식","37.5624370693306","127.002411782741","2","2018-11-29"
"중구","서울특별시 중구 황학동 청계천로 370 롯데캐슬베네치아","회전식","37.570203522839","127.018242180347","1","2018-11-20"
"중구","서울특별시 성동구 옥수동 동호로5길 131 서울방송고등학교","고정식","37.548042","127.010017","1","2018-11-20"
"중구","서울특별시 중구 신당동 동호로11바길 33 타워빌라","고정식","37.549815","127.00588","1","2018-11-20"
"중구","서울특별시 중구 신당동 동호로11라길 15 ","고정식","37.5511619999999","127.005731999999","1","2018-11-20"
"중구","서울특별시 중구 신당동 동호로11라길 35 ","고정식","37.5511869999999","127.00453","1","2018-11-20"
"중구","서울특별시 중구 신당동 동호로8나길 38 신당힐빌리지","고정식","37.5514986","127.0133512","1","2018-11-20"
"중구","서울특별시 중구 신당동 다산로 75 ","고정식","37.5516332728665","127.007465064524","1","2018-11-20"
"중구","서울특별시 중구 신당동 동호로11나길 43 한서빌라","고정식","37.5520989999999","127.005081","1","2018-11-20"
"중구","서울특별시 중구 장충동2가 동호로11차길 24 ","고정식","37.552165","127.004883","1","2018-11-20"
"중구","서울특별시 중구 장충동2가 동호로11차길 24 ","고정식","37.552379","127.004797999999","1","2018-11-20"
"중구","서울특별시 마포구 아현동 환일길 67 청보파크빌","고정식","37.552573","126.962836","1","2018-11-20"
"중구","서울특별시 중구 신당동 동호로11나길 43 한서빌라","고정식","37.552579","127.005797","1","2018-11-20"
"중구","서울특별시 마포구 아현동 환일길 67 청보파크빌","고정식","37.5526089999999","126.962871","1","2018-11-20"
"중구","서울특별시 중구 신당동 다산로10길 10 ","고정식","37.5526390850477","127.010756134986","1","2018-11-20"
"중구","서울특별시 중구 신당동 동호로5길 2 ","고정식","37.552819","127.012604","1","2018-11-20"
"중구","서울특별시 중구 신당동 다산로10길 10 ","고정식","37.552992072997","127.010206282138","1","2018-11-20"
"중구","서울특별시 중구 신당동 동호로17길 123 ","고정식","37.553508","127.005082","1","2018-11-20"
"중구","서울특별시 중구 신당동 동호로8가길 27 에덴빌라","고정식","37.5538894203767","127.014403939247","1","2018-11-20"
"중구","서울특별시 중구 신당동 동호로 177 ","고정식","37.5539449999999","127.01066","1","2018-11-20"
"중구","서울특별시 중구 신당동 동호로10길 8 ","고정식","37.554243","127.012159999999","1","2018-11-20"
"중구","서울특별시 중구 신당동 동호로15길 42 창원하이츠","고정식","37.554279","127.008593","1","2018-11-20"
"중구","서울특별시 중구 신당동 동호로17길 107 ","고정식","37.5544239999999","127.004994999999","1","2018-11-20"
"중구","서울특별시 중구 만리동2가 만리재로 183 ","고정식","37.55449","126.966266334","1","2018-11-20"
"중구","서울특별시 중구 신당동 동호로8가길 45 ","고정식","37.554586","127.01439","1","2018-11-20"
"중구","서울특별시 중구 남대문로5가 후암로58길 13 ","고정식","37.5546089999999","126.974119","1","2018-11-20"
"중구","서울특별시 중구 신당동 동호로 193 ","고정식","37.554732","127.009531","1","2018-11-20"
"중구","서울특별시 중구 필동2가 필동로 66 ","고정식","37.5550461745167","126.995612382888","1","2018-11-20"
"중구","서울특별시 중구 회현동1가 퇴계로8길 86 ","고정식","37.5553209999999","126.980929","1","2018-11-20"
"중구","서울특별시 중구 신당동 동호로 191 선일빌딩","고정식","37.5553999999999","127.010369","1","2018-11-20"
"중구","서울특별시 중구 신당동 다산로12길 29 석산노인정","고정식","37.555576","127.013793","1","2018-11-20"
"중구","서울특별시 중구 신당동 다산로16길 43 ","고정식","37.5558029999999","127.014","1","2018-11-20"
"중구","다산로 24길 23 맞은편 청구동마을마당","고정식","37.5558589999999","127.016294","1","2018-11-20"
"중구","서울특별시 중구 신당동 다산로24가길 7 ","고정식","37.5561289999999","127.016358","1","2018-11-20"
"중구","서울특별시 중구 신당동 다산로 137 ","고정식","37.556147","127.01148","1","2018-11-20"
"중구","서울특별시 중구 남창동 소월로1길 10 ","고정식","37.556229","126.977279","1","2018-11-20"
"중구","서울특별시 중구 남대문로5가 퇴계로 4 가로판매대8","고정식","37.5562359999999","126.973279","4","2018-11-20"
"중구","서울특별시 중구 신당동 다산로24가길 7 ","고정식","37.5564809999999","127.016189999999","1","2018-11-20"
"중구","서울특별시 중구 필동2가 필동로 52 크로바빌딩","고정식","37.556522","126.995656999999","1","2018-11-20"
"중구","서울특별시 중구 만리동1가 만리재로 207 ","고정식","37.5565622607502","126.967628","1","2018-11-20"
"중구","서울특별시 중구 필동2가 퇴계로36나길 27 풍경","고정식","37.5566175452194","126.993517577648","1","2018-11-20"
"중구","서울특별시 중구 회현동1가 퇴계로12가길 23 회현어린이집","고정식","37.5567009999999","126.980211","1","2018-11-20"
"중구","서울특별시 중구 남창동 퇴계로6가길 6 ","고정식","37.5567111034582","126.978662","1","2018-11-20"
"중구","서울특별시 중구 회현동1가 퇴계로12가길 23 회현어린이집","고정식","37.5567769999999","126.98058","1","2018-11-20"
"중구","서울특별시 중구 회현동1가 소공로3길 45 ","고정식","37.556899","126.981594","1","2018-11-20"
"중구","서울특별시 중구 중림동 중림로8길 27 ","고정식","37.5571129772848","126.965584","1","2018-11-20"
"중구","서울특별시 중구 중림동 서소문로2길 25 ","고정식","37.557191","126.963249","1","2018-11-20"
"중구","서울특별시 중구 신당동 다산로24가길 1 ","고정식","37.5573339999999","127.016577","1","2018-11-20"
"중구","서울특별시 중구 신당동 다산로22길 29 ","고정식","37.5573539999999","127.014617","1","2018-11-20"
"중구","서울특별시 중구 회현동1가 퇴계로12길 39 회동장여관","고정식","37.5574255443181","126.981962621212","1","2018-11-20"
"중구","서울특별시 중구 봉래동2가 통일로 21 서울역앞우체국","고정식","37.5574893333474","126.971535","1","2018-11-20"
"중구","서울특별시 중구 중림동 중림로 45 ","고정식","37.55751","126.968089","1","2018-11-20"
"중구","서울특별시 중구 남산동2가 소파로 91 ","고정식","37.557512","126.985225","1","2018-11-20"
"중구","다산로24길 77 옆 응봉삼성공원","고정식","37.557572","127.017005","1","2018-11-20"
"중구","서울특별시 중구 필동2가 필동로 42 ","고정식","37.5577529940895","126.995641887187","1","2018-11-20"
"중구","서울특별시 중구 필동2가 필동로 42 ","고정식","37.5578229999999","126.995394","1","2018-11-20"
"중구","서울특별시 중구 신당동 동호로 218 ","고정식","37.557855","127.009496","1","2018-11-20"
"중구","서울특별시 중구 신당동 다산로 149 ","고정식","37.5579469999999","127.011649","1","2018-11-20"
"중구","서울특별시 중구 필동2가 필동로 42 ","고정식","37.557949","126.995473","1","2018-11-20"
"중구","서울특별시 중구 필동2가 필동로 30 ","고정식","37.5585439707181","126.996945440769","1","2018-11-20"
"중구","서울특별시 중구 남산동2가 퇴계로20가길 30 ","고정식","37.5585809999999","126.986602","1","2018-11-20"
"중구","서울특별시 중구 예장동 소파로4길 27 오피스웨이","고정식","37.5586013799853","126.988528668879","1","2018-11-20"
"중구","서울특별시 중구 중림동 청파로 429 ","고정식","37.5588309999999","126.968339","1","2018-11-20"
"중구","서울특별시 중구 신당동 다산로28가길 24 ","고정식","37.5589319999999","127.015013999999","1","2018-11-20"
"중구","서울특별시 중구 남산동2가 소공로6길 32 ","고정식","37.558953","126.985902","1","2018-11-20"
"중구","서울특별시 중구 장충동2가 동호로25가길 15 장충동빌리지","고정식","37.5589607","127.001423499999","1","2018-11-20"
"중구","서울특별시 중구 장충동2가 서애로3길 40 ","고정식","37.558967","126.9983381","1","2018-11-20"
"중구","서울특별시 중구 필동3가 서애로3길 10 ","고정식","37.5590500212535","126.997304856777","1","2018-11-20"
"중구","서울특별시 중구 장충동2가 동호로25가길 45 영웅타운","고정식","37.5590819150798","127.000418901443","1","2018-11-20"
"중구","서울특별시 중구 장충동2가 동호로25길 26 청우빌라","고정식","37.5592309999999","127.001108","1","2018-11-20"
"중구","서울특별시 중구 신당동 다산로25길 17 ","고정식","37.5594114838175","127.011767327784","1","2018-11-20"
"중구","서울특별시 중구 순화동 통일로 40 ","고정식","37.559492281092","126.971746087074","1","2018-11-20"
"중구","서울특별시 중구 남산동2가 퇴계로20가길 8 ","고정식","37.559586","126.986386","1","2018-11-20"
"중구","서울특별시 중구 신당동 청구로 65 ","고정식","37.559668","127.014118999999","1","2018-11-20"
"중구","서울특별시 중구 필동3가 서애로3길 10 ","고정식","37.559724","126.9975","1","2018-11-20"
"중구","서울특별시 중구 남산동3가 소파로 131 남산빌딩","고정식","37.559781","126.987521","1","2018-11-20"
"중구","서울특별시 중구 장충동2가 동호로27길 11 ","고정식","37.559854","127.002211","1","2018-11-20"
"중구","서울특별시 중구 신당동 다산로 174 청구공영주차장","고정식","37.5599139999999","127.013955999999","1","2018-11-20"
"중구","서울특별시 중구 신당동 다산로 165 ","고정식","37.559944","127.012516","1","2018-11-20"
"중구","서울특별시 중구 필동1가 퇴계로 184 스타빌딩","고정식","37.560025","126.992517","1","2018-11-20"
"중구","서울특별시 중구 신당동 다산로36가길 2 ","고정식","37.5600579999999","127.018157","1","2018-11-20"
"중구","서울특별시 중구 남학동 퇴계로 170 중부세무서","고정식","37.5601514134795","126.990151405334","1","2018-11-20"
"중구","서울특별시 중구 필동2가 서애로 30 ","고정식","37.5601514134795","126.996883749961","1","2018-11-20"
"중구","서울특별시 중구 신당동 다산로36가길 2 ","고정식","37.560174","127.018255999999","1","2018-11-20"
"중구","서울특별시 중구 신당동 청구로 70 신진빌딩","고정식","37.5605467999999","127.0149722","1","2018-11-20"
"중구","서울특별시 중구 신당동 청구로 77 청구역 56호선","고정식","37.5605639999999","127.013459999999","1","2018-11-20"
"중구","서울특별시 중구 필동3가 서애로 15 ","고정식","37.5605702784504","126.998176574707","1","2018-11-20"
"중구","서울특별시 중구 신당동 다산로36가길 26 ","고정식","37.5605853","127.0206778","1","2018-11-20"
"중구","서울특별시 중구 필동2가 퇴계로 210 ","고정식","37.5605897","126.9953635","1","2018-11-20"
"중구","서울특별시 중구 신당동 다산로36가길 2 ","고정식","37.560648","127.01869","1","2018-11-20"
"중구","서울특별시 중구 묵정동 서애로1길 26 ","고정식","37.560859","126.999945","1","2018-11-20"
"중구","서울특별시 중구 신당동 청구로 91 ","고정식","37.5609168502248","127.011761963366","1","2018-11-20"
"중구","서울특별시 중구 신당동 청구로 77 청구역 56호선","고정식","37.5609296074373","127.013312280178","1","2018-11-20"
"중구","서울특별시 중구 충무로5가 서애로 12 고려빌딩","고정식","37.5611279999999","126.997252","1","2018-11-20"
"중구","서울특별시 중구 충무로4가 퇴계로 209 ","고정식","37.5613484680333","126.995392441749","1","2018-11-20"
"중구","서울특별시 중구 필동1가 퇴계로 179 ","고정식","37.5616699999999","126.9916","1","2018-11-20"
"중구","서울특별시 중구 신당동 다산로36가길 26 지산빌딩","고정식","37.5616849999999","127.020398","1","2018-11-20"
"중구","서울특별시 중구 북창동 남대문로 25 ","고정식","37.561861","126.978257","1","2018-11-20"
"중구","서울특별시 중구 신당동 퇴계로88가길 48 ","고정식","37.5621270999999","127.022104899998","1","2018-11-20"
"중구","서울특별시 중구 필동1가 수표로2길 28 ","고정식","37.5621691728307","126.992264986037","1","2018-11-20"
"중구","서울특별시 중구 충무로5가 퇴계로 265 충무창업큐브","고정식","37.5621849999999","127.001161","1","2018-11-20"
"중구","서울특별시 중구 신당동 다산로38길 45 ","고정식","37.5623069999999","127.018133","1","2018-11-20"
"중구","서울특별시 중구 순화동 서소문로 81 혜명빌딩","고정식","37.562317","126.97044","1","2018-11-20"
"중구","서울특별시 중구 충무로4가 퇴계로 211 일흥빌딩주차장","고정식","37.5623201305007","126.995328068733","1","2018-11-20"
"중구","서울특별시 중구 장충동1가 장충단로 198 써미트호텔","고정식","37.5623350136347","127.006000578403","1","2018-11-20"
"중구","서울특별시 중구 신당동 난계로6길 8 무학봉 근린공원 다목적 체력단련장","고정식","37.562486","127.024522","1","2018-11-20"
"중구","서울특별시 중구 신당동 난계로6길 8 무학봉 근린공원 다목적 체력단련장","고정식","37.5625459999999","127.024957","1","2018-11-20"
"중구","서울특별시 중구 신당동 퇴계로88가길 48 ","고정식","37.562609","127.022938999999","1","2018-11-20"
"중구","서울특별시 중구 신당동 다산로29길 46 ","고정식","37.5626220449232","127.011896073817","1","2018-11-20"
"중구","서울특별시 중구 충무로2가 명동10길 35 ","고정식","37.5627496140297","126.985363662241","1","2018-11-20"
"중구","서울특별시 중구 장충동1가 장충단로8길 45 ","고정식","37.56277","127.009454","1","2018-11-20"
"중구","서울특별시 중구 신당동 다산로31길 26 ","고정식","37.562777253974","127.013242542743","1","2018-11-20"
"중구","서울특별시 중구 충무로5가 퇴계로 265 충무창업큐브","고정식","37.5628409999999","127.001133","1","2018-11-20"
"중구","서울특별시 중구 충무로4가 퇴계로 211 일흥빌딩주차장","고정식","37.5628552145174","126.995188593864","1","2018-11-20"
"중구","난계로 6길 8 무학봉근린공원","고정식","37.562913","127.025051","1","2018-11-20"
"중구","서울특별시 중구 충무로5가 퇴계로45길 16 진영빌딩","고정식","37.5630175084424","126.999107301235","1","2018-11-20"
"중구","서울특별시 중구 신당동 다산로42길 110 ","고정식","37.5630175084424","127.022850215435","1","2018-11-20"
"중구","서울특별시 중구 신당동 다산로40길 55 ","고정식","37.5631705905315","127.019191682338","1","2018-11-20"
"중구","서울특별시 중구 신당동 다산로31길 60 현대빌딩","고정식","37.5631727166694","127.011094093322","1","2018-11-20"
"중구","서울특별시 중구 인현동2가 마른내로6길 6 ","고정식","37.5631928999999","126.995696","1","2018-11-20"
"중구","서울특별시 중구 쌍림동 퇴계로 300 ","고정식","37.5632960325645","127.005684077739","1","2018-11-20"
"중구","서울특별시 중구 충무로5가 퇴계로 265 ","고정식","37.5633279245731","127.001709043979","1","2018-11-20"
"중구","서울특별시 중구 장충동1가 장충단로 210 민일치과","고정식","37.56337044723","127.007558941841","1","2018-11-20"
"중구","서울특별시 중구 신당동 다산로33가길 11 ","고정식","37.563383","127.014276","1","2018-11-20"
"중구","서울특별시 중구 광희동2가 퇴계로 336 ","고정식","37.5633853301541","127.009010016918","1","2018-11-20"
"중구","서울특별시 중구 정동 서소문로 89 삼정 아트테라스 정동","고정식","37.563422","126.971315","1","2018-11-20"
"중구","서울특별시 중구 신당동 다산로42길 72 ","고정식","37.5634342311698","127.020744681358","1","2018-11-20"
"중구","서울특별시 중구 신당동 다산로40길 33 ","고정식","37.5635128979538","127.018295824527","1","2018-11-20"
"중구","서울특별시 중구 정동 서소문로 89 삼정 아트테라스 정동","고정식","37.563526","126.9712644","1","2018-11-20"
"중구","서울특별시 중구 신당동 다산로42길 87 ","고정식","37.5636425916594","127.0218282938","1","2018-11-20"
"중구","서울특별시 중구 신당동 다산로40길 33 ","고정식","37.563662","127.018424","1","2018-11-20"
"중구","서울특별시 중구 충무로5가 동호로31길 31 ","고정식","37.5636659790248","127.000440359115","1","2018-11-20"
"중구","서울특별시 중구 충무로5가 퇴계로45길 16 진영빌딩","고정식","37.5637809999999","126.999448","1","2018-11-20"
"중구","서울특별시 중구 신당동 다산로42길 72 ","고정식","37.5637892941034","127.020441591739","1","2018-11-20"
"중구","서울특별시 중구 신당동 다산로38길 23 ","고정식","37.563813","127.017149","1","2018-11-20"
"중구","서울특별시 중구 광희동2가 퇴계로 326 ","고정식","37.56387","127.008011999999","1","2018-11-20"
"중구","서울특별시 중구 충무로5가 동호로31길 31 ","고정식","37.56389","127.000153","1","2018-11-20"
"중구","서울특별시 중구 신당동 다산로40길 33 ","고정식","37.5638939999999","127.018922","1","2018-11-20"
"중구","서울특별시 중구 충무로3가 수표로 20 ","고정식","37.5639253656772","126.990175545215","1","2018-11-20"
"중구","서울특별시 서대문구 미근동 통일로 97 경찰청","고정식","37.563955","126.968678999999","1","2018-11-20"
"중구","서울특별시 중구 신당동 다산로31길 50 ","고정식","37.563958","127.01298","1","2018-11-20"
"중구","서울특별시 중구 광희동2가 퇴계로 326 ","고정식","37.5639869999999","127.008982","1","2018-11-20"
"중구","서울특별시 중구 신당동 왕십리로 397 ","고정식","37.56414","127.025857","1","2018-11-20"
"중구","서울특별시 중구 광희동1가 마른내로 153 ","고정식","37.564287","127.005003","1","2018-11-20"
"중구","서울특별시 중구 광희동1가 마른내로 145 ","고정식","37.5643654704723","127.00453877449","1","2018-11-20"
"중구","서울특별시 중구 신당동 퇴계로 356 ","고정식","37.564399488126","127.011311352251","1","2018-11-20"
"중구","서울특별시 중구 충무로5가 마른내로12길 7 ","고정식","37.5644164969469","127.000375986099","1","2018-11-20"
"중구","서울특별시 중구 신당동 다산로44길 64 ","고정식","37.564435","127.020895","1","2018-11-20"
"중구","서울특별시 중구 신당동 왕십리로 415 ","고정식","37.5645440629808","127.023799717426","1","2018-11-20"
"중구","서울특별시 중구 신당동 퇴계로 364 ","고정식","37.5646099720126","127.012942135334","1","2018-11-20"
"중구","서울특별시 중구 신당동 다산로42길 43 ","고정식","37.5646259999999","127.019631","1","2018-11-20"
"중구","서울특별시 중구 저동1가 삼일대로 330 평화빌딩","고정식","37.5646419999999","126.988488","1","2018-11-20"
"중구","서울특별시 중구 저동1가 삼일대로 336 가로판매대39","고정식","37.564695","126.987103","1","2018-11-20"
"중구","서울특별시 중구 저동1가 삼일대로 336 가로판매대39","고정식","37.5647179999999","126.987226","1","2018-11-20"
"중구","서울특별시 중구 인현동2가 마른내로 74 ","고정식","37.564722","126.996655","1","2018-11-20"
"중구","서울특별시 중구 광희동2가 퇴계로 325 백운장여관","고정식","37.564788","127.008953","1","2018-11-20"
"중구","서울특별시 중구 저동1가 삼일대로 336 가로판매대39","고정식","37.5647949999999","126.987117","1","2018-11-20"
"중구","서울특별시 중구 저동1가 삼일대로 336 가로판매대39","고정식","37.564796","126.987226","1","2018-11-20"
"중구","서울특별시 중구 신당동 다산로 236 ","고정식","37.5648587249301","127.01684474945","1","2018-11-20"
"중구","서울특별시 중구 광희동2가 퇴계로 325 백운장여관","고정식","37.5648927423587","127.008095383644","1","2018-11-20"
"중구","서울특별시 중구 광희동1가 마른내로 147 ","고정식","37.56504369451","127.004058659075","1","2018-11-20"
"중구","서울특별시 중구 신당동 퇴계로 446 ","고정식","37.5650649553518","127.021275758743","1","2018-11-20"
"중구","서울특별시 중구 인현동2가 을지로20길 25 ","고정식","37.5652648069681","126.995352208613","1","2018-11-20"
"중구","서울특별시 중구 광희동1가 동호로34길 15 화신여관","고정식","37.5652818155914","127.003186941146","1","2018-11-20"
"중구","서울특별시 중구 신당동 퇴계로 426 ","고정식","37.5653629999999","127.019282","1","2018-11-20"
"중구","서울특별시 중구 광희동1가 마른내로 159 ","고정식","37.5654519016123","127.005651891231","1","2018-11-20"
"중구","서울특별시 중구 을지로3가 을지로16길 5 ","고정식","37.5654625319757","126.994528770446","1","2018-11-20"
"중구","서울특별시 중구 을지로3가 수표로 48 ","고정식","37.565547","126.990990999999","1","2018-11-20"
"중구","서울특별시 중구 을지로3가 수표로 48 ","고정식","37.5655849999999","126.990527","1","2018-11-20"
"중구","서울특별시 중구 광희동1가 마른내로 159 ","고정식","37.5655879701494","127.00663357973","1","2018-11-20"
"중구","서울특별시 중구 광희동1가 마른내로 159 ","고정식","37.5657856942994","127.005579471588","1","2018-11-20"
"중구","서울특별시 중구 흥인동 다산로 257 이동우외과","고정식","37.5667317864628","127.015688717364","1","2018-11-20"
"중구","서울특별시 중구 을지로4가 을지로 159 ","고정식","37.5669911624403","126.99645191431","1","2018-11-20"
"중구","서울특별시 중구 을지로6가 장충단로 251 ","고정식","37.567176126725","127.008285820484","1","2018-11-20"
"중구","서울특별시 중구 을지로4가 창경궁로 53 ","고정식","37.567236","126.997832","1","2018-11-20"
"중구","서울특별시 중구 황학동 다산로46길 35 ","고정식","37.5672939999999","127.018866","1","2018-11-20"
"중구","서울특별시 중구 황학동 다산로46길 35 ","고정식","37.5673409999999","127.018283","1","2018-11-20"
"중구","서울특별시 중구 흥인동 마장로 66 ","고정식","37.567439","127.017971","1","2018-11-20"
"중구","서울특별시 중구 황학동 퇴계로87길 35 ","고정식","37.5675354238506","127.020951211452","1","2018-11-20"
"중구","서울특별시 중구 을지로6가 장충단로 251 ","고정식","37.5677756629736","127.008682787418","1","2018-11-20"
"중구","서울특별시 중구 을지로4가 을지로 189 동원빌딩","고정식","37.5677969230357","126.999096572399","1","2018-11-20"
"중구","서울특별시 중구 을지로6가 장충단로 249 ","고정식","37.5678968452461","127.007741332054","1","2018-11-20"
"중구","서울특별시 중구 황학동 다산로46길 35 ","고정식","37.5679118","127.018120999999","1","2018-11-20"
"중구","서울특별시 중구 정동 정동길 21 정동빌딩","고정식","37.56792","126.971639999999","1","2018-11-20"
"중구","서울특별시 중구 다동 남대문로9길 40 센터플레이스(Center Place)","고정식","37.5679319999999","126.980031","1","2018-11-20"
"중구","서울특별시 중구 다동 남대문로9길 40 센터플레이스(Center Place)","고정식","37.5679859999999","126.980421","1","2018-11-20"
"중구","서울특별시 중구 다동 청계천로 24 한미빌딩","고정식","37.5680699999999","126.980653","1","2018-11-20"
"중구","서울특별시 중구 흥인동 마장로 68 ","고정식","37.5681269999999","127.017825","1","2018-11-20"
"중구","서울특별시 중구 다동 청계천로 24 한미빌딩","고정식","37.5681629999999","126.980836","1","2018-11-20"
"중구","서울특별시 종로구 관철동 청계천로 57 ","고정식","37.568213","126.984877","1","2018-11-20"
"중구","서울특별시 종로구 신문로2가 새문안로2길 10 ","고정식","37.5683769999999","126.971341","1","2018-11-20"
"중구","서울특별시 중구 주교동 청계천로 194 ","고정식","37.568711","126.999045","1","2018-11-20"
"중구","서울특별시 중구 을지로6가 장충단로 275 두산타워빌딩","고정식","37.5689066898498","127.009377479553","1","2018-11-20"
"중구","서울특별시 중구 태평로1가 세종대로 136 파이낸스빌딩","고정식","37.568953","126.977344","1","2018-11-20"
"중구","서울특별시 중구 황학동 난계로15길 16 ","고정식","37.569127","127.022259","1","2018-11-20"
"중구","매봉18길 11 (금호동3가) 응봉공원","회전식","37.544995","127.00817","1","2018-11-20"
"중구","서울특별시 중구 신당동 동호로5길 189 남산실버복지센터","회전식","37.546373","127.008657","1","2018-11-20"
"중구","서울특별시 성동구 옥수동 동호로5길 131 서울방송고등학교","회전식","37.5481245194589","127.010906338691","1","2018-11-20"
"중구","서울특별시 성동구 옥수동 동호로5길 131 서울방송고등학교","회전식","37.548794","127.010394","1","2018-11-20"
"중구","서울특별시 중구 신당동 동호로11바길 33 타워빌라","회전식","37.5490793420474","127.005753815174","1","2018-11-20"
"중구","서울특별시 중구 신당동 다산로5길 9 ","회전식","37.5492229999999","127.006005","1","2018-11-20"
"중구","서울특별시 중구 신당동 다산로 51 백조장","회전식","37.5495493059123","127.007880806922","1","2018-11-20"
"중구","서울특별시 중구 신당동 다산로5길 9 ","회전식","37.549812","127.006844","1","2018-11-20"
"중구","서울특별시 중구 신당동 동호로11마길 32 푸른마을","회전식","37.5502638154321","127.005466818809","1","2018-11-20"
"중구","서울특별시 성동구 금호동3가 매봉18길 11 주민소통공간산책","회전식","37.550378","127.013653","1","2018-11-20"
"중구","서울특별시 중구 신당동 다산로 61 해강약국","회전식","37.550589170176","127.007242441177","1","2018-11-20"
"중구","서울특별시 중구 신당동 동호로11바길 52 목산빌라","회전식","37.5507103804037","127.004962563514","1","2018-11-20"
"중구","서울특별시 중구 신당동 동호로11마길 32 푸른마을","회전식","37.550727","127.005779","1","2018-11-20"
"중구","서울특별시 중구 신당동 다산로 61 해강약국","회전식","37.5509289999999","127.007092","1","2018-11-20"
"중구","서울특별시 중구 신당동 동호로11라길 15 ","회전식","37.5510888952847","127.005890607833","1","2018-11-20"
"중구","서울특별시 중구 신당동 다산로8길 38 ","회전식","37.551484","127.011206","1","2018-11-20"
"중구","서울특별시 중구 신당동 다산로 83 ","회전식","37.5521542555005","127.008969783782","1","2018-11-20"
"중구","서울특별시 중구 신당동 동호로8길 42 ","회전식","37.552168","127.013915999999","1","2018-11-20"
"중구","서울특별시 중구 신당동 동호로11나길 27 ","회전식","37.5521925316321","127.006684541702","1","2018-11-20"
"중구","서울특별시 중구 신당동 동호로11나길 43 한서빌라","회전식","37.552256325141","127.005740404129","1","2018-11-20"
"중구","서울특별시 마포구 아현동 환일길 67 청보파크빌","회전식","37.5523","126.962293982505","1","2018-11-20"
"중구","서울특별시 중구 신당동 동호로8길 42 ","회전식","37.5523307508323","127.013588547705","1","2018-11-20"
"중구","서울특별시 중구 신당동 동호로 161 ","회전식","37.5525072457461","127.011592984199","1","2018-11-20"
"중구","서울특별시 중구 신당동 동호로11가길 30 ","회전식","37.5525370159314","127.007733285426","1","2018-11-20"
"중구","서울특별시 중구 신당동 다산로 94 대한성공회 약수동교회","회전식","37.5525859240671","127.009219229221","1","2018-11-20"
"중구","서울특별시 중구 신당동 동호로5길 2 ","회전식","37.5526773609301","127.012797296047","1","2018-11-20"
"중구","서울특별시 중구 만리동2가 만리재로21길 8 ","회전식","37.5526849999999","126.963348","1","2018-11-20"
"중구","서울특별시 중구 신당동 동호로11가길 2 대한불교법사회","회전식","37.5530962679155","127.008492350578","1","2018-11-20"
"중구","서울특별시 중구 신당동 동호로8가길 27 에덴빌라","회전식","37.5532791402772","127.014615833759","1","2018-11-20"
"중구","서울특별시 중구 신당동 동호로 165 ","회전식","37.5533365536006","127.011153101921","1","2018-11-20"
"중구","서울특별시 중구 신당동 동호로8라길 3 가나다빌라","회전식","37.5533659999999","127.015187","1","2018-11-20"
"중구","필동로 96 (장충동2가) 중구실버타운 부근노상","회전식","37.553381208377","126.997066140174","1","2018-11-20"
"중구","서울특별시 중구 신당동 동호로 166 ","회전식","37.5536151139121","127.012644410133","1","2018-11-20"
"중구","서울특별시 중구 신당동 동호로11나길 78 ","회전식","37.553810743432","127.004471719264","1","2018-11-20"
"중구","서울특별시 중구 신당동 동호로15길 83 장충그린빌라","회전식","37.5538979259874","127.007545530795","1","2018-11-20"
"중구","서울특별시 중구 신당동 동호로15길 42 창원하이츠","회전식","37.5540467740171","127.008304595947","1","2018-11-20"
"중구","서울특별시 중구 신당동 동호로 193 ","회전식","37.5541254507126","127.009484767912","1","2018-11-20"
"중구","서울특별시 중구 신당동 동호로15길 42 창원하이츠","회전식","37.554295562203","127.008006870746","1","2018-11-20"
"중구","매봉18길 79 (금호동2가) 응봉근린공원 도로변 화장실","회전식","37.554533717637","127.016989588737","1","2018-11-20"
"중구","소파로 46 (회현동1가) 백범광장","회전식","37.554576245313","126.980570554733","1","2018-11-20"
"중구","서울특별시 중구 신당동 동호로15가길 25 ","회전식","37.5547803778199","127.007143199442","1","2018-11-20"
"중구","손기정로 101 (만리동2가) 손기정 공원 정문","회전식","37.554934","126.964721999999","1","2018-11-20"
"중구","서울특별시 중구 신당동 동호로15가길 25 ","회전식","37.554935603206","127.007977366446","1","2018-11-20"
"중구","서울특별시 중구 신당동 다산로 128 ","회전식","37.55501428","127.01199532","1","2018-11-20"
"중구","서울특별시 중구 신당동 동호로17가길 18 ","회전식","37.5552354211872","127.006735503673","1","2018-11-20"
"중구","서울특별시 중구 만리동2가 손기정로 101 손기정공원","회전식","37.555239","126.964572","1","2018-11-20"
"중구","서울특별시 중구 만리동2가 손기정로 101 손기정공원","회전식","37.5553159999999","126.964395","1","2018-11-20"
"중구","서울특별시 중구 신당동 동호로15가길 14 ","회전식","37.5553417393307","127.007824480533","1","2018-11-20"
"중구","서울특별시 중구 신당동 다산로12길 11 ","회전식","37.5554352991713","127.012252807617","1","2018-11-20"
"중구","서울특별시 중구 봉래동2가 통일로 1 서울역(본옥)","회전식","37.555669","126.971999999999","1","2018-11-20"
"중구","서울특별시 중구 만리동2가 손기정로 73 봉래초등학교","회전식","37.5557099999999","126.963465","1","2018-11-20"
"중구","서울특별시 중구 회현동1가 소파로 41 ","회전식","37.5557181043391","126.981015801429","1","2018-11-20"
"중구","서울특별시 중구 만리동2가 손기정로 101 손기정공원","회전식","37.5557579999999","126.964083","1","2018-11-20"
"중구","서울특별시 중구 만리동1가 만리재로 197 ","회전식","37.555812","126.967584","1","2018-11-20"
"중구","서울특별시 중구 신당동 다산로12길 29 석산노인정","회전식","37.5559753923188","127.013819217681","1","2018-11-20"
"중구","서울특별시 중구 회현동1가 소공로3길 45 ","회전식","37.5560139999999","126.981874","1","2018-11-20"
"중구","서울특별시 중구 회현동1가 소공로3길 45 ","회전식","37.5561263625382","126.981109678745","1","2018-11-20"
"중구","서울특별시 중구 남대문로5가 퇴계로 4 가로판매대8","회전식","37.5562359999999","126.973279","1","2018-11-20"
"중구","서울특별시 중구 회현동1가 퇴계로12가길 23 회현어린이집","회전식","37.5562475637604","126.980323791503","1","2018-11-20"
"중구","서울특별시 중구 남대문로5가 세종대로 2 서울역 1호선","회전식","37.556392","126.972033083438","1","2018-11-20"
"중구","서울특별시 중구 신당동 다산로 137 ","회전식","37.5565261131906","127.011217474937","1","2018-11-20"
"중구","서울특별시 중구 신당동 동호로 202 반도정형외과","회전식","37.5565367448277","127.010318934917","1","2018-11-20"
"중구","서울특별시 중구 만리동1가 손기정로 101 손기정공원","회전식","37.556631","126.965118348598","1","2018-11-20"
"중구","서울특별시 중구 신당동 다산로16길 39 ","회전식","37.5566707033241","127.014224231243","1","2018-11-20"
"중구","서울특별시 중구 신당동 다산로16길 23 ","회전식","37.5567025981686","127.013027966021","1","2018-11-20"
"중구","서울특별시 중구 만리동1가 손기정로 101 손기정공원","회전식","37.556724","126.966318","1","2018-11-20"
"중구","서울특별시 중구 회현동1가 소공로3길 26 ","회전식","37.556742","126.982532","1","2018-11-20"
"중구","서울특별시 중구 남창동 소파로 23 ","회전식","37.5567679999999","126.979085","1","2018-11-20"
"중구","서울특별시 중구 신당동 다산로20길 53 ","회전식","37.5569024722174","127.015820145606","1","2018-11-20"
"중구","중림로4길46 중림로4길46중간","회전식","37.5569029999999","126.96455","1","2018-11-20"
"중구","서울특별시 중구 회현동1가 소파로 83 ","회전식","37.556925","126.984112","1","2018-11-20"
"중구","서울특별시 중구 신당동 동호로 202 반도정형외과","회전식","37.5569705143244","127.01074272394","1","2018-11-20"
"중구","서울특별시 중구 신당동 다산로20길 53 ","회전식","37.5569960300986","127.015535831451","1","2018-11-20"
"중구","서울특별시 중구 중림동 만리재로37길 42 미디어센터","회전식","37.5570279248038","126.966485","1","2018-11-20"
"중구","서울특별시 중구 남대문로5가 퇴계로 25 한화생명빌딩","회전식","37.5570895878622","126.975780129432","1","2018-11-20"
"중구","서울특별시 중구 중림동 서소문로2길 25 ","회전식","37.557192","126.963905990123","1","2018-11-20"
"중구","서울특별시 중구 회현동2가 소공로4길 5 ","회전식","37.5572490610523","126.983549","1","2018-11-20"
"중구","서울특별시 중구 신당동 다산로 149 ","회전식","37.557296","127.01123","1","2018-11-20"
"중구","서울특별시 중구 신당동 다산로20길 15 써니빌 2","회전식","37.5573447448024","127.013406157492","1","2018-11-20"
"중구","서울특별시 중구 중림동 중림로8길 27 ","회전식","37.557506343746","126.965985","1","2018-11-20"
"중구","서울특별시 중구 남창동 퇴계로 38 동남빌딩","회전식","37.557515","126.97733849287","1","2018-11-20"
"중구","서울특별시 중구 중림동 중림로 36 중림파출소","회전식","37.557538","126.96714","1","2018-11-20"
"중구","서울특별시 중구 남대문로5가 세종대로 8 ","회전식","37.5575619999999","126.973986","1","2018-11-20"
"중구","서울특별시 중구 중림동 서소문로2길 25 ","회전식","37.557575","126.96341","1","2018-11-20"
"중구","서울특별시 중구 회현동1가 퇴계로10길 20 ","회전식","37.557586","126.979395747184","1","2018-11-20"
"중구","서울특별시 중구 회현동1가 소공로3길 10 ","회전식","37.5576126586493","126.982485651969","1","2018-11-20"
"중구","서울특별시 중구 남산동2가 퇴계로20길 53 ","회전식","37.5576289999999","126.986662999999","1","2018-11-20"
"중구","서울특별시 중구 남산동2가 소파로 91 ","회전식","37.5576466793865","126.98585987091","1","2018-11-20"
"중구","서울특별시 중구 회현동1가 퇴계로12길 39 회동장여관","회전식","37.557825","126.981421","1","2018-11-20"
"중구","서울특별시 중구 남대문로5가 세종대로 8 ","회전식","37.5578399999999","126.973515","1","2018-11-20"
"중구","서울특별시 중구 회현동1가 소공로6가길 23 ","회전식","37.557842298323","126.98444366455","1","2018-11-20"
"중구","서울특별시 중구 남창동 퇴계로 38 동남빌딩","회전식","37.5578614349305","126.977123916149","1","2018-11-20"
"중구","서울특별시 중구 회현동1가 소공로6가길 23 ","회전식","37.5578969999999","126.984099","1","2018-11-20"
"중구","서울특별시 중구 신당동 다산로24가길 3 ","회전식","37.557901834419","127.015503644943","1","2018-11-20"
"중구","서울특별시 중구 중림동 서소문로 10 신송빌라트","회전식","37.5580698110053","126.963420510292","1","2018-11-20"
"중구","서울특별시 중구 중림동 중림로 10 중림동 삼성 사이버 빌리지","회전식","37.558154862297","126.964270770549","1","2018-11-20"
"중구","서울특별시 중구 신당동 다산로21길 8 남정빌딩","회전식","37.5581718725437","127.01118260622","1","2018-11-20"
"중구","서울특별시 중구 남창동 퇴계로 48 ","회전식","37.5581859999999","126.978092193603","1","2018-11-20"
"중구","서울특별시 중구 회현동2가 소공로 30 회현119안전센터","회전식","37.5582037667456","126.983673870563","1","2018-11-20"
"중구","서울특별시 중구 중림동 서소문로2길 6 ","회전식","37.5583419747969","126.962787508964","1","2018-11-20"
"중구","서울특별시 중구 신당동 다산로28가길 24 ","회전식","37.5583547324501","127.015766501426","1","2018-11-20"
"중구","서울특별시 중구 중림동 중림로7길 2 ","회전식","37.5584119999999","126.967392","1","2018-11-20"
"중구","서울특별시 중구 남창동 퇴계로 39 ","회전식","37.5584376571436","126.97616636753","1","2018-11-20"
"중구","서울특별시 중구 중림동 청파로 429 ","회전식","37.558449","126.968594491481","1","2018-11-20"
"중구","서울특별시 중구 남산동2가 소공로6길 32 ","회전식","37.5584546673257","126.985438764094","1","2018-11-20"
"중구","서울특별시 중구 신당동 청구로 47 ","회전식","37.558473803776","127.016651630401","1","2018-11-20"
"중구","서울특별시 중구 신당동 다산로21길 27 태원팰리스2차","회전식","37.5584886876783","127.010077536106","1","2018-11-20"
"중구","서울특별시 중구 남산동1가 소공로6길 20 ","회전식","37.558545","126.984419524668","1","2018-11-20"
"중구","서울특별시 중구 신당동 다산로 170 청구초등학교","회전식","37.5585546","127.01322377","1","2018-11-20"
"중구","서울특별시 중구 장충동2가 동호로25가길 15 장충동빌리지","회전식","37.5585822435678","127.001473009585","1","2018-11-20"
"중구","서울특별시 중구 남창동 퇴계로 43 ","회전식","37.5586247689333","126.9772","1","2018-11-20"
"중구","서울특별시 중구 회현동2가 소공로 30 회현119안전센터","회전식","37.558635400271","126.983089","1","2018-11-20"
"중구","서울특별시 중구 필동2가 필동로 34 삼경하이빌","회전식","37.558647","126.995425999999","1","2018-11-20"
"중구","서울특별시 중구 남창동 퇴계로 48 ","회전식","37.5586651680081","126.978145837783","1","2018-11-20"
"중구","서울특별시 중구 장충동2가 동호로25가길 31 동원빌라","회전식","37.5587502186202","127.00089097023","1","2018-11-20"
"중구","서울특별시 중구 남창동 퇴계로 39 ","회전식","37.55894","126.976477","1","2018-11-20"
"중구","서울특별시 중구 남대문로5가 소월로 8 제분빌딩","회전식","37.5589713497574","126.975251734256","1","2018-11-20"
"중구","서울특별시 중구 회현동1가 퇴계로 72 리더스뷰남산","회전식","37.5590181274138","126.980205774307","1","2018-11-20"
"중구","서울특별시 중구 중림동 서소문로 18 에이원빌딩","회전식","37.559055","126.964999","1","2018-11-20"
"중구","서울특별시 중구 봉래동2가 칠패로 10 ","회전식","37.5590989251149","126.969098746776","1","2018-11-20"
"중구","서울특별시 중구 장충동1가 동호로20길 37 ","회전식","37.5591179999999","127.009872","1","2018-11-20"
"중구","서울특별시 중구 중림동 서소문로 10 ","회전식","37.5591239999999","126.963797","1","2018-11-20"
"중구","서울특별시 중구 남창동 퇴계로 57 ","회전식","37.5591393239324","126.978693008422","1","2018-11-20"
"중구","서울특별시 중구 신당동 청구로 65 ","회전식","37.5592413840059","127.014229595661","1","2018-11-20"
"중구","서울특별시 중구 남산동2가 퇴계로20가길 8 ","회전식","37.5593094239771","126.986044943332","1","2018-11-20"
"중구","서울특별시 중구 장충동1가 동호로20길 37 ","회전식","37.5595092910334","127.009130716323","1","2018-11-20"
"중구","서울특별시 중구 장충동2가 동호로25가길 45 영웅타운","회전식","37.5595560683521","127.000794410705","1","2018-11-20"
"중구","서울특별시 중구 중림동 청파로 453 ","회전식","37.559634","126.967315077781","1","2018-11-20"
"중구","서울특별시 중구 남대문로4가 세종대로 40 숭례문(남대문)","회전식","37.5596645065689","126.975925","1","2018-11-20"
"중구","서울특별시 중구 회현동3가 퇴계로14길 19 ","회전식","37.5597070313167","126.984601914882","1","2018-11-20"
"중구","서울특별시 중구 남창동 퇴계로 63 삼부빌딩","회전식","37.5597771970976","126.979993879795","1","2018-11-20"
"중구","서울특별시 중구 순화동 통일로 40 ","회전식","37.559958","126.971562","1","2018-11-20"
"중구","서울특별시 중구 중림동 서소문로 38 센트럴타워","회전식","37.5600639999999","126.966095","1","2018-11-20"
"중구","서울특별시 중구 회현동3가 퇴계로 114 ","회전식","37.560163","126.984234452246","1","2018-11-20"
"중구","서울특별시 중구 신당동 청구로 91 ","회전식","37.5602215788418","127.011829018592","1","2018-11-20"
"중구","서울특별시 중구 신당동 동호로20길 34 ","회전식","37.560249219724","127.010367214678","1","2018-11-20"
"중구","서울특별시 중구 순화동 칠패로 27 순화동더샵","회전식","37.5602859999999","126.971650999999","1","2018-11-20"
"중구","서울특별시 중구 장충동1가 장충단로4길 24 선라이즈 빌","회전식","37.5602981227982","127.007202208042","1","2018-11-20"
"중구","서울특별시 중구 남산동2가 퇴계로 130 프린스호텔","회전식","37.5603193849944","126.986476778984","1","2018-11-20"
"중구","서울특별시 중구 남창동 남대문로 26 ","회전식","37.560444831828","126.978625953197","1","2018-11-20"
"중구","서울특별시 중구 장충동1가 장충단로4길 37 ","회전식","37.5604703464124","127.008202672004","1","2018-11-20"
"중구","서울특별시 중구 장충동1가 장충단로 170 ","회전식","37.560492","127.005442","1","2018-11-20"
"중구","서울특별시 중구 회현동1가 남대문시장10길 2 MESA","회전식","37.5605959999999","126.979594230651","1","2018-11-20"
"중구","서울특별시 중구 충무로2가 퇴계로 121 가로판매대16","회전식","37.5606569999999","126.985543370246","1","2018-11-20"
"중구","서울특별시 중구 장충동2가 동호로 288 상지빌딩","회전식","37.5606595793071","127.003675103187","1","2018-11-20"
"중구","서울특별시 중구 묵정동 동호로27길 19 ","회전식","37.5607042296955","127.001338899135","1","2018-11-20"
"중구","서울특별시 중구 남창동 남대문시장4길 2 ","회전식","37.560715","126.977314352989","1","2018-11-20"
"중구","서울특별시 중구 신당동 청구로 64 청구 e편한세상","회전식","37.5607425014355","127.015956938266","1","2018-11-20"
"중구","서울특별시 중구 장충동1가 장충단로4길 37 ","회전식","37.5608466855171","127.008548676967","1","2018-11-20"
"중구","서울특별시 중구 남창동 남대문로 26 ","회전식","37.5609147240226","126.978167295454","1","2018-11-20"
"중구","서울특별시 중구 충무로2가 퇴계로 121 가로판매대16","회전식","37.5609423646476","126.985063254832","1","2018-11-20"
"중구","서울특별시 중구 묵정동 동호로27길 42 ","회전식","37.5610295388594","127.001808285713","1","2018-11-20"
"중구","서울특별시 중구 충무로5가 서애로 2 ","회전식","37.5611698678641","126.998012959956","1","2018-11-20"
"중구","서울특별시 중구 충무로2가 삼일대로 298 ","회전식","37.5611932560059","126.989368200302","1","2018-11-20"
"중구","서울특별시 중구 남대문로3가 남대문로 39 한국은행건물","회전식","37.5612591680022","126.980315","1","2018-11-20"
"중구","서울특별시 중구 장충동1가 장충단로6가길 15 신세계스튜디오","회전식","37.5613335847022","127.00851380825","1","2018-11-20"
"중구","서울특별시 중구 신당동 다산로36가길 26 지산빌딩","회전식","37.561339963273","127.020012438297","1","2018-11-20"
"중구","서울특별시 서대문구 합동 서소문로 53 ","회전식","37.561349","126.967843","1","2018-11-20"
"중구","서울특별시 중구 남창동 남대문로 30 good&good상동교회","회전식","37.5613782346866","126.979125","1","2018-11-20"
"중구","서울특별시 중구 장충동1가 장충단로 182 대한간호협회","회전식","37.5614143798923","127.006979584693","1","2018-11-20"
"중구","서울특별시 중구 남대문로3가 남대문로 39 한국은행건물","회전식","37.5614149999999","126.980787","1","2018-11-20"
"중구","서울특별시 중구 충무로1가 명동8길 38 ","회전식","37.5614186322683","126.984108388423","1","2018-11-20"
"중구","서울특별시 중구 장충동1가 장충단로6가길 42 ","회전식","37.5615653390918","127.009677886962","1","2018-11-20"
"중구","서울특별시 중구 신당동 다산로36길 65 ","회전식","37.5615738438263","127.018741071224","1","2018-11-20"
"중구","서울특별시 중구 충무로1가 명동8길 54 구두수선대257","회전식","37.5616099889371","126.985747218132","1","2018-11-20"
"중구","서울특별시 중구 신당동 다산로32길 13 ","회전식","37.5616695220229","127.015916705131","1","2018-11-20"
"중구","서울특별시 중구 신당동 다산로36가길 16 ","회전식","37.5617248","127.0193446","1","2018-11-20"
"중구","서울특별시 중구 장충동2가 동호로30길 20 ","회전식","37.5617290550609","127.004664838314","1","2018-11-20"
"중구","서울특별시 중구 신당동 다산로34길 43 ","회전식","37.5617639999999","127.017888","1","2018-11-20"
"중구","서울특별시 중구 북창동 남대문로1길 2 금천약국","회전식","37.561815","126.977479","1","2018-11-20"
"중구","서울특별시 중구 장충동1가 장충단로4길 17 ","회전식","37.5618268592345","127.007231712341","1","2018-11-20"
"중구","서울특별시 중구 신당동 다산로36가길 55 ","회전식","37.5619374203195","127.021444737911","1","2018-11-20"
"중구","서울특별시 중구 신당동 다산로 195 ","회전식","37.5619416726655","127.013175487518","1","2018-11-20"
"중구","서울특별시 중구 서소문동 서소문로 107 가로판매대106","회전식","37.562015","126.973097999999","1","2018-11-20"
"중구","서울특별시 중구 신당동 청구로 116 부흥빌딩","회전식","37.5620819999999","127.010274","1","2018-11-20"
"중구","서울특별시 중구 신당동 다산로32길 59 ","회전식","37.5621032616394","127.016836702823","1","2018-11-20"
"중구","서울특별시 중구 신당동 청구로 116 부흥빌딩","회전식","37.5621245233203","127.010930478572","1","2018-11-20"
"중구","서울특별시 중구 서소문동 서소문로 116 유원빌딩","회전식","37.5622414624573","126.974648237228","1","2018-11-20"
"중구","서울특별시 중구 신당동 다산로38길 31 ","회전식","37.5622861118975","127.017504572868","1","2018-11-20"
"중구","서울특별시 중구 신당동 다산로38길 45 ","회전식","37.562511484854","127.018266320227","1","2018-11-20"
"중구","서울특별시 중구 신당동 퇴계로88가길 8 신당5동 어린이집","회전식","37.5625348725747","127.020615935325","1","2018-11-20"
"중구","서울특별시 중구 태평로2가 세종대로 66 ","회전식","37.5626858295037","126.976637999999","1","2018-11-20"
"중구","서울특별시 중구 신당동 다산로 212 ","회전식","37.5627857585702","127.015967667102","1","2018-11-20"
"중구","서울특별시 중구 충무로5가 퇴계로 265 충무창업큐브","회전식","37.562797","127.001098","1","2018-11-20"
"중구","서울특별시 중구 신당동 다산로36가길 57 ","회전식","37.5628516691577","127.021594941616","1","2018-11-20"
"중구","서울특별시 중구 서소문동 서소문로 107 가로판매대106","회전식","37.5629289999999","126.973087","1","2018-11-20"
"중구","서울특별시 중구 북창동 세종대로 66 북창빌딩","회전식","37.5629345888463","126.977338","1","2018-11-20"
"중구","서울특별시 중구 신당동 다산로33가길 11 ","회전식","37.5631408245944","127.014363706111","1","2018-11-20"
"중구","서울특별시 중구 신당동 난계로 125 신당동 K47빌딩","회전식","37.5632896541612","127.023912370204","1","2018-11-20"
"중구","서울특별시 중구 신당동 다산로33나길 9 ","회전식","37.5633576904355","127.013178169727","1","2018-11-20"
"중구","서울특별시 중구 충무로3가 수표로 22 ","회전식","37.563411","126.991795999999","1","2018-11-20"
"중구","서울특별시 중구 신당동 다산로 223 신당빌딩","회전식","37.5634214743862","127.015149593353","1","2018-11-20"
"중구","서울특별시 중구 충무로4가 창경궁로1길 6 ","회전식","37.5635729999999","126.997208","1","2018-11-20"
"중구","서울특별시 중구 명동1가 명동길 31 ","회전식","37.5636170781614","126.984489262104","1","2018-11-20"
"중구","서울특별시 중구 명동1가 명동3길 2 조훈빌딩","회전식","37.563684","126.983478","1","2018-11-20"
"중구","서울특별시 중구 소공동 남대문로 63 한진빌딩","회전식","37.563802050824","126.981882154941","1","2018-11-20"
"중구","서울특별시 중구 서소문동 서소문로11길 14 ","회전식","37.563811","126.97295","1","2018-11-20"
"중구","서울특별시 중구 명동1가 명동길 31 ","회전식","37.5638148075424","126.984902322292","1","2018-11-20"
"중구","서울특별시 중구 소공동 남대문로1길 66 구두수선대215","회전식","37.5638700866304","126.977945","1","2018-11-20"
"중구","서울특별시 중구 충무로4가 마른내로4길 25 ","회전식","37.5639296179099","126.993919909","1","2018-11-20"
"중구","서울특별시 중구 순화동 통일로 86 바비엥3","회전식","37.5639678879932","126.969511806963","1","2018-11-20"
"중구","서울특별시 중구 신당동 왕십리로 393 ","회전식","37.5640593108902","127.026506066322","1","2018-11-20"
"중구","서울특별시 중구 신당동 왕십리로 397 ","회전식","37.5640805720128","127.025846242904","1","2018-11-20"
"중구","서울특별시 중구 명동1가 명동11길 14 ","회전식","37.5640954547952","126.986272931098","1","2018-11-20"
"중구","서울특별시 중구 신당동 다산로42길 43 ","회전식","37.5642060125136","127.019245326519","1","2018-11-20"
"중구","서울특별시 중구 무학동 다산로 233 화성주유소","회전식","37.5642761740574","127.015436589717","1","2018-11-20"
"중구","서울특별시 중구 을지로7가 퇴계로 345 ","회전식","37.5643782270942","127.01033771038","1","2018-11-20"
"중구","서울특별시 중구 신당동 다산로44길 95 ","회전식","37.5644228752538","127.022061645984","1","2018-11-20"
"중구","서울특별시 중구 광희동1가 마른내로 161 ","회전식","37.5644675233867","127.00612","1","2018-11-20"
"중구","서울특별시 중구 순화동 통일로4길 16 ","회전식","37.564692","126.968773","1","2018-11-20"
"중구","서울특별시 중구 저동1가 삼일대로 336 가로판매대39","회전식","37.564762","126.987388730049","1","2018-11-20"
"중구","서울특별시 중구 명동1가 명동11길 14 ","회전식","37.5647970683016","126.986425999999","1","2018-11-20"
"중구","서울특별시 중구 을지로2가 을지로 60 가로판매대37","회전식","37.5650032988937","126.984392702579","1","2018-11-20"
"중구","서울특별시 중구 신당동 퇴계로 418 ","회전식","37.5650670814356","127.018818855285","1","2018-11-20"
"중구","서울특별시 중구 신당동 퇴계로 381 ","회전식","37.5652648069681","127.014167904853","1","2018-11-20"
"중구","서울특별시 중구 신당동 퇴계로 446 ","회전식","37.5656389957867","127.02142059803","1","2018-11-20"
"중구","서울특별시 중구 신당동 퇴계로 418 ","회전식","37.5657155341772","127.018566727638","1","2018-11-20"
"중구","서울특별시 중구 을지로3가 을지로16길 5 ","회전식","37.5657410469564","126.994153261184","1","2018-11-20"
"중구","서울특별시 중구 을지로3가 충무로 45 ","회전식","37.5658090809921","126.992002129554","1","2018-11-20"
"중구","서울특별시 중구 신당동 퇴계로 454 ","회전식","37.5658430979865","127.022954821586","1","2018-11-20"
"중구","서울특별시 중구 황학동 퇴계로 439 ","회전식","37.5661216115444","127.020607888698","1","2018-11-20"
"중구","서울특별시 중구 무교동 남대문로9길 52 ","회전식","37.5661679999999","126.979257","1","2018-11-20"
"중구","서울특별시 중구 을지로5가 을지로 205 ","회전식","37.5662069999999","127.001493","1","2018-11-20"
"중구","정동길 22 (정동) 창덕여중 쪽문 삼거리","회전식","37.5663150821816","126.969192624092","1","2018-11-20"
"중구","서울특별시 중구 황학동 난계로11길 31 ","회전식","37.5663682333675","127.021098732948","1","2018-11-20"
"중구","서울특별시 중구 다동 남대문로9길 10 ","회전식","37.5666701313843","126.981552243232","1","2018-11-20"
"중구","서울특별시 중구 정동 정동길 18 국토발전전시관","회전식","37.566707","126.9709","1","2018-11-20"
"중구","서울특별시 중구 황학동 퇴계로 423 ","회전식","37.5667339124989","127.018547952175","1","2018-11-20"
"중구","서울특별시 중구 무교동 남대문로9길 52 ","회전식","37.566791","126.979898","1","2018-11-20"
"중구","서울특별시 중구 산림동 을지로 153 ","회전식","37.5671272281657","126.995153725147","1","2018-11-20"
"중구","서울특별시 중구 흥인동 마장로 58 동대문솔하임","회전식","37.5671782527485","127.016884982585","1","2018-11-20"
"중구","서울특별시 중구 신당동 마장로 30 Team204","회전식","37.5671910088888","127.013811171054","1","2018-11-20"
"중구","서울특별시 중구 수표동 수표로 72 ","회전식","37.56722289923","126.990835368633","1","2018-11-20"
"중구","서울특별시 중구 을지로4가 을지로 189 동원빌딩","회전식","37.567299435993","126.999064385889","1","2018-11-20"
"중구","서울특별시 중구 황학동 마장로 110 ","회전식","37.5674078629392","127.022278904914","1","2018-11-20"
"중구","서울특별시 중구 을지로3가 충무로 68 ","회전식","37.5674843995123","126.99345588684","1","2018-11-20"
"중구","서울특별시 중구 다동 남대문로9길 40 센터플레이스(Center Place)","회전식","37.5678054270588","126.980924606323","1","2018-11-20"
"중구","서울특별시 중구 을지로4가 을지로33길 2 방약국","회전식","37.5678079999999","127.000153","1","2018-11-20"
"중구","서울특별시 중구 입정동 을지로15길 16 ","회전식","37.5678394431416","126.994314193725","1","2018-11-20"
"중구","서울특별시 중구 을지로5가 을지로 207 ","회전식","37.5679074752605","127.001086771488","1","2018-11-20"
"중구","서울특별시 중구 수표동 수표로 65 강남빌딩","회전식","37.5679308612871","126.989499628543","1","2018-11-20"
"중구","서울특별시 중구 을지로4가 창경궁로5길 19 ","회전식","37.5679670033137","126.996473371982","1","2018-11-20"
"중구","서울특별시 중구 다동 남대문로9길 24 패스트파이브타워","회전식","37.567981","126.981364488601","1","2018-11-20"
"중구","서울특별시 중구 황학동 마장로 101 연풍주차장","회전식","37.5689151937463","127.021849751472","1","2018-11-20"
"중구","서울특별시 중구 신당동 마장로1가길 2 가로판매대240","회전식","37.5689300755626","127.012124061584","1","2018-11-20"
"중구","서울특별시 종로구 세종로 세종대로 152 일민미술관","회전식","37.569","126.977414999999","1","2018-11-20"
"중구","서울특별시 종로구 신문로1가 새문안로 92 광화문오피시아빌딩","회전식","37.5692099999999","126.974368","1","2018-11-20"
"중구","서울특별시 중구 신당동 청계천로 334 청평화시장","회전식","37.5693021200065","127.014157176016","1","2018-11-20"
"중구","서울특별시 중구 황학동 난계로15길 36 ","회전식","37.5695381015192","127.021020948886","1","2018-11-20"
"중구","서울특별시 중구 황학동 난계로15길 70 ","회전식","37.5695402274754","127.019620835781","1","2018-11-20"
"중구","서울특별시 중구 황학동 난계로17길 30 중앙연립","회전식","37.5701567522055","127.021729052065","1","2018-11-20"
"중구","서울특별시 중구 황학동 마장로 81 ","회전식","37.5683539344995","127.019666433334","1","2018-11-20"
"중구","서울특별시 종로구 장사동 청계천로 149 제일은행","회전식","37.5683858243428","126.994593143463","1","2018-11-20"
"중구","서울특별시 중구 주교동 동호로37길 20 방산종합시장","회전식","37.5684985016796","127.000107765197","1","2018-11-20"
"중구","서울특별시 중구 정동 덕수궁길 140 덕수초등학교","회전식","37.5686770842794","126.974176168441","1","2018-11-20"
"중구","서울특별시 중구 무교동 무교로 23 구두수선대155","회전식","37.5688811781547","126.979432","1","2018-11-20"
"중구","서울특별시 중구 신당동 다산로 211 광고자재백화점","어린이안전","37.562305000000002","127.01430499999999","1","2018-07-16"
"중구","서울특별시 중구 남대문로5가 통일로 22 ","","37.558619999999998","126.972749233245","1","2018-07-16"
"중구","서울특별시 중구 다동 남대문로9길 40 센터플레이스(Center Place)","","37.567307940073","126.980543732643","1","2018-07-16"
"중구","서울특별시 중구 신당동 청구로 128 ","","37.5637042492435","127.010954618453","1","2018-07-16"
"중구","서울특별시 중구 남대문로5가 소월로2길 12 제일빌딩","","37.554195","126.976477","1","2018-07-16"
"중구","서울특별시 중구 필동2가 필동로8길 49 ","","37.555852064307302","126.993718743324","1","2018-07-16"
"중구","서울특별시 중구 을지로6가 장충단로 249 ","","37.567114472014502","127.00708150863601","1","2018-07-16"
"중구","서울특별시 중구 인현동2가 창경궁로 29 선일금고","","37.565570961595903","126.998989284038","1","2018-07-16"